-- MySQL dump 10.13  Distrib 8.1.0, for Win64 (x86_64)
--
-- Host: localhost    Database: sp
-- ------------------------------------------------------
-- Server version	8.1.0

/*!40101 SET @OLD_CHARACTER_SET_CLIENT=@@CHARACTER_SET_CLIENT */;
/*!40101 SET @OLD_CHARACTER_SET_RESULTS=@@CHARACTER_SET_RESULTS */;
/*!40101 SET @OLD_COLLATION_CONNECTION=@@COLLATION_CONNECTION */;
/*!50503 SET NAMES utf8mb4 */;
/*!40103 SET @OLD_TIME_ZONE=@@TIME_ZONE */;
/*!40103 SET TIME_ZONE='+00:00' */;
/*!40014 SET @OLD_UNIQUE_CHECKS=@@UNIQUE_CHECKS, UNIQUE_CHECKS=0 */;
/*!40014 SET @OLD_FOREIGN_KEY_CHECKS=@@FOREIGN_KEY_CHECKS, FOREIGN_KEY_CHECKS=0 */;
/*!40101 SET @OLD_SQL_MODE=@@SQL_MODE, SQL_MODE='NO_AUTO_VALUE_ON_ZERO' */;
/*!40111 SET @OLD_SQL_NOTES=@@SQL_NOTES, SQL_NOTES=0 */;

--
-- Table structure for table `article_tb`
--

DROP TABLE IF EXISTS `article_tb`;
/*!40101 SET @saved_cs_client     = @@character_set_client */;
/*!50503 SET character_set_client = utf8mb4 */;
CREATE TABLE `article_tb` (
  `id` bigint NOT NULL AUTO_INCREMENT,
  `title` varchar(100) NOT NULL,
  `content` longtext NOT NULL,
  `publish_time` int NOT NULL,
  `img_url` varchar(100) DEFAULT NULL,
  `author_id` bigint NOT NULL,
  PRIMARY KEY (`id`),
  KEY `article_tb_author_id_8c5527d4_fk_Login_And_SLogin_usertable_id` (`author_id`),
  CONSTRAINT `article_tb_author_id_8c5527d4_fk_Login_And_SLogin_usertable_id` FOREIGN KEY (`author_id`) REFERENCES `login_and_slogin_usertable` (`id`)
) ENGINE=InnoDB AUTO_INCREMENT=61 DEFAULT CHARSET=utf8mb4 COLLATE=utf8mb4_0900_ai_ci;
/*!40101 SET character_set_client = @saved_cs_client */;

--
-- Dumping data for table `article_tb`
--

LOCK TABLES `article_tb` WRITE;
/*!40000 ALTER TABLE `article_tb` DISABLE KEYS */;
INSERT INTO `article_tb` VALUES (47,'','九寨沟很漂亮，很美丽，这里的山美水美，风景迷人，仿佛置身于人间仙境之中，空气清新，呼吸一下精神百倍！下次还来！！',1694427219,'1694427717.6539598b3aa1cb6439e50e1d4f05d2fa6384584.jpeg',19),(48,'','去了阆中古城一趟，这里的民风淳朴，民俗建筑很具有年代感，特别这里的中天楼和华光楼风景优美，建筑恢弘，体验到了深深的古城气息，这里的张飞牛肉味道很好，走累了晚上可以去这里特有的醋泡脚，消解一天的疲劳。总体来说，很不错！&#128536;❤️️',1694427219,'1694428174.0972254b817f5fbe2f0cb27019aa99d91f5fa62.jpeg',21),(49,'','之前去乐山玩的时候拍的',1694427219,'1694428236.1163561QQ截图20230911182941.png',17),(50,'','一夫当关，万夫莫开——剑门关',1694427219,'1694429029.487569QQ图片20230911184339.png',23),(51,'','涅槃重生的汶川有着浓厚的历史文化与独特的民族风情，避暑一绝',1694427219,'1694429900.8339698QQ图片20230911185311.png',24),(52,'','想徒步还有拍照的直接定位青城后山 里面很凉快 下雨的话会冷 最好稍微穿厚一点  空气真的很新鲜 我真的好喜欢青城山 很值得去 景区里面东西不贵',1694427219,'1694429953.422778QQ截图20230911185816.png',17),(53,'','\"远赴人间惊鸿宴，一堵人间盛世颜\"\r\n&#129392;再好的文案也不及亲身感受风景的浪漫登顶的那一刻所有情绪都被征服了！\r\n我只能用真的太太太太美了来形容\r\n今天遇到了艳阳天，明媚的阳光、和煦的微风、壮观的云海&#128522;\r\n身心瞬间安静美好  是对心灵的净化之旅',1694427219,'1694430299.9964893emis.png',25),(55,'','\"我希望有个如你一般的人，如山间清爽的风，如古城温暖的光。从清城到夜晚由山野到书房，只要最后是你，就好\"&#128536;\r\n文字里的稻城描绘的再好，也不如亲眼去看看。在藏语里亚丁是向阳的土地，被称为是最后的香格里拉。',1694427219,'1694431056.7023118图片1.png',28);
/*!40000 ALTER TABLE `article_tb` ENABLE KEYS */;
UNLOCK TABLES;

--
-- Table structure for table `auth_group`
--

DROP TABLE IF EXISTS `auth_group`;
/*!40101 SET @saved_cs_client     = @@character_set_client */;
/*!50503 SET character_set_client = utf8mb4 */;
CREATE TABLE `auth_group` (
  `id` int NOT NULL AUTO_INCREMENT,
  `name` varchar(150) NOT NULL,
  PRIMARY KEY (`id`),
  UNIQUE KEY `name` (`name`)
) ENGINE=InnoDB DEFAULT CHARSET=utf8mb4 COLLATE=utf8mb4_0900_ai_ci;
/*!40101 SET character_set_client = @saved_cs_client */;

--
-- Dumping data for table `auth_group`
--

LOCK TABLES `auth_group` WRITE;
/*!40000 ALTER TABLE `auth_group` DISABLE KEYS */;
/*!40000 ALTER TABLE `auth_group` ENABLE KEYS */;
UNLOCK TABLES;

--
-- Table structure for table `auth_group_permissions`
--

DROP TABLE IF EXISTS `auth_group_permissions`;
/*!40101 SET @saved_cs_client     = @@character_set_client */;
/*!50503 SET character_set_client = utf8mb4 */;
CREATE TABLE `auth_group_permissions` (
  `id` bigint NOT NULL AUTO_INCREMENT,
  `group_id` int NOT NULL,
  `permission_id` int NOT NULL,
  PRIMARY KEY (`id`),
  UNIQUE KEY `auth_group_permissions_group_id_permission_id_0cd325b0_uniq` (`group_id`,`permission_id`),
  KEY `auth_group_permissio_permission_id_84c5c92e_fk_auth_perm` (`permission_id`),
  CONSTRAINT `auth_group_permissio_permission_id_84c5c92e_fk_auth_perm` FOREIGN KEY (`permission_id`) REFERENCES `auth_permission` (`id`),
  CONSTRAINT `auth_group_permissions_group_id_b120cbf9_fk_auth_group_id` FOREIGN KEY (`group_id`) REFERENCES `auth_group` (`id`)
) ENGINE=InnoDB DEFAULT CHARSET=utf8mb4 COLLATE=utf8mb4_0900_ai_ci;
/*!40101 SET character_set_client = @saved_cs_client */;

--
-- Dumping data for table `auth_group_permissions`
--

LOCK TABLES `auth_group_permissions` WRITE;
/*!40000 ALTER TABLE `auth_group_permissions` DISABLE KEYS */;
/*!40000 ALTER TABLE `auth_group_permissions` ENABLE KEYS */;
UNLOCK TABLES;

--
-- Table structure for table `auth_permission`
--

DROP TABLE IF EXISTS `auth_permission`;
/*!40101 SET @saved_cs_client     = @@character_set_client */;
/*!50503 SET character_set_client = utf8mb4 */;
CREATE TABLE `auth_permission` (
  `id` int NOT NULL AUTO_INCREMENT,
  `name` varchar(255) NOT NULL,
  `content_type_id` int NOT NULL,
  `codename` varchar(100) NOT NULL,
  PRIMARY KEY (`id`),
  UNIQUE KEY `auth_permission_content_type_id_codename_01ab375a_uniq` (`content_type_id`,`codename`),
  CONSTRAINT `auth_permission_content_type_id_2f476e4b_fk_django_co` FOREIGN KEY (`content_type_id`) REFERENCES `django_content_type` (`id`)
) ENGINE=InnoDB AUTO_INCREMENT=53 DEFAULT CHARSET=utf8mb4 COLLATE=utf8mb4_0900_ai_ci;
/*!40101 SET character_set_client = @saved_cs_client */;

--
-- Dumping data for table `auth_permission`
--

LOCK TABLES `auth_permission` WRITE;
/*!40000 ALTER TABLE `auth_permission` DISABLE KEYS */;
INSERT INTO `auth_permission` VALUES (1,'Can add log entry',1,'add_logentry'),(2,'Can change log entry',1,'change_logentry'),(3,'Can delete log entry',1,'delete_logentry'),(4,'Can view log entry',1,'view_logentry'),(5,'Can add permission',2,'add_permission'),(6,'Can change permission',2,'change_permission'),(7,'Can delete permission',2,'delete_permission'),(8,'Can view permission',2,'view_permission'),(9,'Can add group',3,'add_group'),(10,'Can change group',3,'change_group'),(11,'Can delete group',3,'delete_group'),(12,'Can view group',3,'view_group'),(13,'Can add content type',4,'add_contenttype'),(14,'Can change content type',4,'change_contenttype'),(15,'Can delete content type',4,'delete_contenttype'),(16,'Can view content type',4,'view_contenttype'),(17,'Can add session',5,'add_session'),(18,'Can change session',5,'change_session'),(19,'Can delete session',5,'delete_session'),(20,'Can view session',5,'view_session'),(21,'Can add user',6,'add_usertable'),(22,'Can change user',6,'change_usertable'),(23,'Can delete user',6,'delete_usertable'),(24,'Can view user',6,'view_usertable'),(25,'Can add 文章',7,'add_article'),(26,'Can change 文章',7,'change_article'),(27,'Can delete 文章',7,'delete_article'),(28,'Can view 文章',7,'view_article'),(29,'Can add 评论',8,'add_comment'),(30,'Can change 评论',8,'change_comment'),(31,'Can delete 评论',8,'delete_comment'),(32,'Can view 评论',8,'view_comment'),(33,'Can add 攻略',9,'add_strategy'),(34,'Can change 攻略',9,'change_strategy'),(35,'Can delete 攻略',9,'delete_strategy'),(36,'Can view 攻略',9,'view_strategy'),(37,'Can add django job',10,'add_djangojob'),(38,'Can change django job',10,'change_djangojob'),(39,'Can delete django job',10,'delete_djangojob'),(40,'Can view django job',10,'view_djangojob'),(41,'Can add django job execution',11,'add_djangojobexecution'),(42,'Can change django job execution',11,'change_djangojobexecution'),(43,'Can delete django job execution',11,'delete_djangojobexecution'),(44,'Can view django job execution',11,'view_djangojobexecution'),(45,'Can add 游客购票情况',12,'add_ticketspurchasestatus'),(46,'Can change 游客购票情况',12,'change_ticketspurchasestatus'),(47,'Can delete 游客购票情况',12,'delete_ticketspurchasestatus'),(48,'Can view 游客购票情况',12,'view_ticketspurchasestatus'),(49,'Can add 客源地信息',13,'add_tourism_producingregion'),(50,'Can change 客源地信息',13,'change_tourism_producingregion'),(51,'Can delete 客源地信息',13,'delete_tourism_producingregion'),(52,'Can view 客源地信息',13,'view_tourism_producingregion');
/*!40000 ALTER TABLE `auth_permission` ENABLE KEYS */;
UNLOCK TABLES;

--
-- Table structure for table `comment_tb`
--

DROP TABLE IF EXISTS `comment_tb`;
/*!40101 SET @saved_cs_client     = @@character_set_client */;
/*!50503 SET character_set_client = utf8mb4 */;
CREATE TABLE `comment_tb` (
  `id` bigint NOT NULL AUTO_INCREMENT,
  `comment_content` longtext NOT NULL,
  `comment_time` int NOT NULL,
  `article_id` bigint NOT NULL,
  `comment_author_id` bigint NOT NULL,
  `pre_comment_id` bigint DEFAULT NULL,
  PRIMARY KEY (`id`),
  KEY `comment_tb_article_id_360b030c_fk_article_tb_id` (`article_id`),
  KEY `comment_tb_comment_author_id_dd49c0c2_fk_Login_And` (`comment_author_id`),
  KEY `comment_tb_pre_comment_id_5af5c386_fk_comment_tb_id` (`pre_comment_id`),
  CONSTRAINT `comment_tb_article_id_360b030c_fk_article_tb_id` FOREIGN KEY (`article_id`) REFERENCES `article_tb` (`id`),
  CONSTRAINT `comment_tb_comment_author_id_dd49c0c2_fk_Login_And` FOREIGN KEY (`comment_author_id`) REFERENCES `login_and_slogin_usertable` (`id`),
  CONSTRAINT `comment_tb_pre_comment_id_5af5c386_fk_comment_tb_id` FOREIGN KEY (`pre_comment_id`) REFERENCES `comment_tb` (`id`)
) ENGINE=InnoDB AUTO_INCREMENT=147 DEFAULT CHARSET=utf8mb4 COLLATE=utf8mb4_0900_ai_ci;
/*!40101 SET character_set_client = @saved_cs_client */;

--
-- Dumping data for table `comment_tb`
--

LOCK TABLES `comment_tb` WRITE;
/*!40000 ALTER TABLE `comment_tb` DISABLE KEYS */;
INSERT INTO `comment_tb` VALUES (132,'说得很心动！我也想去了！&#128064;&#128064;&#128064;',1694427219,47,17,NULL),(133,'乐山也去了！我也感觉很不错&#129303;',1694427219,49,21,NULL),(134,'是的呢，亲&#128521;',1694427219,49,17,NULL),(135,'&#129310;&#128073;安排',1694427219,48,23,NULL),(136,'&#128064;',1694427219,50,24,NULL),(137,'看起来就很霸气，我想问一下，这里去的话人多不多，有什么重点值得推荐的打卡点&#128521;',1694427219,50,27,NULL),(138,'汶川是一座英雄的城市的✊',1694427219,51,27,NULL),(139,'强烈推荐家人们去峨眉山玩一玩',1694427219,53,25,NULL),(140,'哇，真的好美，下次有机会我一定要去峨眉山看看',1694427219,53,28,NULL),(141,'&#129392;&#129392;',1694427219,53,28,NULL),(142,'前一个月我们也去了，感觉就挺不错的，值得推荐！！！',1694427219,48,27,NULL),(143,'答案在路上，自由在风里， 去稻城亚丁，看人间最美的风景！ &#127807;',1694427219,55,29,NULL),(144,'幽静解烦恼，人景皆是仙，问道青城山！',1694427219,52,29,NULL),(145,'九寨回来不看水，黄山回来不看山，金峡回来不看峡九寨沟一带古称“翠海”，水光浮翠，倒映林岚〠 ˚‧º·  &#127797;高山，湖泊，海子，瀑布，在这里相互呼应，相互映衬，将九寨沟的景美得让人流连往返',1694427219,47,29,NULL);
/*!40000 ALTER TABLE `comment_tb` ENABLE KEYS */;
UNLOCK TABLES;

--
-- Table structure for table `django_admin_log`
--

DROP TABLE IF EXISTS `django_admin_log`;
/*!40101 SET @saved_cs_client     = @@character_set_client */;
/*!50503 SET character_set_client = utf8mb4 */;
CREATE TABLE `django_admin_log` (
  `id` int NOT NULL AUTO_INCREMENT,
  `action_time` datetime(6) NOT NULL,
  `object_id` longtext,
  `object_repr` varchar(200) NOT NULL,
  `action_flag` smallint unsigned NOT NULL,
  `change_message` longtext NOT NULL,
  `content_type_id` int DEFAULT NULL,
  `user_id` bigint NOT NULL,
  PRIMARY KEY (`id`),
  KEY `django_admin_log_content_type_id_c4bce8eb_fk_django_co` (`content_type_id`),
  KEY `django_admin_log_user_id_c564eba6_fk_Login_And` (`user_id`),
  CONSTRAINT `django_admin_log_content_type_id_c4bce8eb_fk_django_co` FOREIGN KEY (`content_type_id`) REFERENCES `django_content_type` (`id`),
  CONSTRAINT `django_admin_log_user_id_c564eba6_fk_Login_And` FOREIGN KEY (`user_id`) REFERENCES `login_and_slogin_usertable` (`id`),
  CONSTRAINT `django_admin_log_chk_1` CHECK ((`action_flag` >= 0))
) ENGINE=InnoDB AUTO_INCREMENT=146 DEFAULT CHARSET=utf8mb4 COLLATE=utf8mb4_0900_ai_ci;
/*!40101 SET character_set_client = @saved_cs_client */;

--
-- Dumping data for table `django_admin_log`
--

LOCK TABLES `django_admin_log` WRITE;
/*!40000 ALTER TABLE `django_admin_log` DISABLE KEYS */;
INSERT INTO `django_admin_log` VALUES (1,'2023-08-20 09:49:10.762164','1','Comment object (1)',3,'',8,2),(2,'2023-08-20 09:49:21.549265','9','Comment object (9)',3,'',8,2),(3,'2023-08-20 09:49:21.551258','8','Comment object (8)',3,'',8,2),(4,'2023-08-20 09:49:21.553253','7','Comment object (7)',3,'',8,2),(5,'2023-08-20 09:49:21.554250','5','Comment object (5)',3,'',8,2),(6,'2023-08-20 09:49:43.342398','6','Comment object (6)',3,'',8,2),(7,'2023-08-20 09:49:43.344393','4','Comment object (4)',3,'',8,2),(8,'2023-08-20 09:49:43.346387','3','Comment object (3)',3,'',8,2),(9,'2023-08-20 09:49:43.348382','2','Comment object (2)',3,'',8,2),(10,'2023-08-20 12:25:28.786074','12','Comment object (12)',3,'',8,2),(11,'2023-08-22 18:50:41.930716','3','我嫩叠',2,'[{\"changed\": {\"fields\": [\"Last login\", \"Username\"]}}]',6,2),(12,'2023-08-22 19:48:08.279226','13','Article object (13)',3,'',7,2),(13,'2023-08-22 19:48:12.310596','11','Article object (11)',3,'',7,2),(14,'2023-08-22 19:48:16.076275','10','Article object (10)',3,'',7,2),(15,'2023-08-22 19:50:27.884160','1','彭赛初',3,'',6,2),(16,'2023-08-22 19:50:35.906452','3','我嫩叠',3,'',6,2),(17,'2023-08-27 09:52:04.561393','20','Article object (20)',3,'',7,2),(18,'2023-08-27 09:52:04.573536','19','Article object (19)',3,'',7,2),(19,'2023-08-27 09:52:15.948534','22','Article object (22)',3,'',7,2),(20,'2023-08-27 11:06:19.957609','1','Strategy object (1)',1,'[{\"added\": {}}]',9,2),(21,'2023-08-27 11:17:49.794095','1','Strategy object (1)',2,'[{\"changed\": {\"fields\": [\"\\u56fe\\u7247\\u8def\\u5f84\"]}}]',9,2),(22,'2023-08-27 11:19:45.439564','1','Strategy object (1)',2,'[{\"changed\": {\"fields\": [\"\\u56fe\\u7247\\u8def\\u5f84\"]}}]',9,2),(23,'2023-08-27 11:25:28.305059','1','Strategy object (1)',2,'[{\"changed\": {\"fields\": [\"\\u56fe\\u7247\\u8def\\u5f84\"]}}]',9,2),(24,'2023-08-27 11:26:22.611373','1','Strategy object (1)',2,'[{\"changed\": {\"fields\": [\"\\u56fe\\u7247\\u8def\\u5f84\"]}}]',9,2),(25,'2023-08-27 11:32:18.816050','1','Strategy object (1)',2,'[{\"changed\": {\"fields\": [\"\\u56fe\\u7247\\u8def\\u5f84\"]}}]',9,2),(26,'2023-08-27 11:33:28.164943','1','Strategy object (1)',2,'[{\"changed\": {\"fields\": [\"\\u56fe\\u7247\\u8def\\u5f84\"]}}]',9,2),(27,'2023-08-27 11:52:01.878689','1','Strategy object (1)',2,'[{\"changed\": {\"fields\": [\"\\u56fe\\u7247\\u8def\\u5f84\"]}}]',9,2),(28,'2023-08-28 14:34:14.055003','4','彭赛初',2,'[{\"changed\": {\"fields\": [\"Password\", \"Last login\"]}}]',6,2),(29,'2023-08-28 14:37:14.414124','4','彭赛初',2,'[{\"changed\": {\"fields\": [\"Password\"]}}]',6,2),(30,'2023-08-29 13:50:01.848338','4','彭赛初',2,'[{\"changed\": {\"fields\": [\"Password\"]}}]',6,2),(31,'2023-08-29 13:50:34.983912','4','彭赛初',2,'[]',6,2),(34,'2023-08-29 13:52:32.484187','4','彭赛初',3,'',6,2),(35,'2023-08-29 13:52:46.176485','6','我是赵甲弟',3,'',6,2),(36,'2023-09-01 16:21:14.817485','8','地信',3,'',6,2),(37,'2023-09-01 16:21:14.821474','7','帝霸天',3,'',6,2),(38,'2023-09-01 16:21:14.824466','5','聪明的慧慧子',3,'',6,2),(39,'2023-09-05 15:01:01.369135','58','Comment object (58)',3,'',8,2),(40,'2023-09-05 15:01:01.378234','57','Comment object (57)',3,'',8,2),(41,'2023-09-05 15:01:01.379997','56','Comment object (56)',3,'',8,2),(42,'2023-09-05 15:01:01.381991','55','Comment object (55)',3,'',8,2),(43,'2023-09-05 15:01:01.385306','54','Comment object (54)',3,'',8,2),(44,'2023-09-05 15:01:01.386306','53','Comment object (53)',3,'',8,2),(45,'2023-09-05 15:01:01.388535','52','Comment object (52)',3,'',8,2),(46,'2023-09-05 15:01:01.390039','51','Comment object (51)',3,'',8,2),(47,'2023-09-05 15:01:01.391043','50','Comment object (50)',3,'',8,2),(48,'2023-09-05 15:01:01.393038','49','Comment object (49)',3,'',8,2),(49,'2023-09-05 15:01:01.394039','48','Comment object (48)',3,'',8,2),(50,'2023-09-05 15:01:01.395032','47','Comment object (47)',3,'',8,2),(51,'2023-09-05 15:02:51.163338','46','Comment object (46)',2,'[{\"changed\": {\"fields\": [\"\\u8bc4\\u8bba\\u5185\\u5bb9\", \"\\u7236\\u8bc4\\u8bbaid\"]}}]',8,2),(52,'2023-09-05 15:03:26.420801','37','Comment object (37)',3,'',8,2),(53,'2023-09-05 15:03:37.820039','39','Comment object (39)',2,'[{\"changed\": {\"fields\": [\"\\u8bc4\\u8bba\\u5185\\u5bb9\", \"\\u7236\\u8bc4\\u8bbaid\"]}}]',8,2),(54,'2023-09-05 15:03:55.761869','40','Comment object (40)',2,'[{\"changed\": {\"fields\": [\"\\u8bc4\\u8bba\\u5185\\u5bb9\", \"\\u7236\\u8bc4\\u8bbaid\"]}}]',8,2),(55,'2023-09-05 15:05:08.095515','46','Comment object (46)',3,'',8,2),(56,'2023-09-05 15:05:08.097510','45','Comment object (45)',3,'',8,2),(57,'2023-09-05 15:05:08.099505','44','Comment object (44)',3,'',8,2),(58,'2023-09-05 15:11:06.105849','67','Comment object (67)',2,'[{\"changed\": {\"fields\": [\"\\u8bc4\\u8bba\\u5185\\u5bb9\", \"\\u7236\\u8bc4\\u8bbaid\"]}}]',8,2),(59,'2023-09-05 15:11:22.612242','67','Comment object (67)',2,'[{\"changed\": {\"fields\": [\"\\u8bc4\\u8bba\\u5185\\u5bb9\"]}}]',8,2),(60,'2023-09-05 15:14:06.823896','67','Comment object (67)',3,'',8,2),(61,'2023-09-05 15:14:06.825892','66','Comment object (66)',3,'',8,2),(62,'2023-09-05 15:14:06.827886','65','Comment object (65)',3,'',8,2),(63,'2023-09-05 15:14:06.829881','64','Comment object (64)',3,'',8,2),(64,'2023-09-05 15:14:06.831876','63','Comment object (63)',3,'',8,2),(65,'2023-09-05 15:14:06.833869','62','Comment object (62)',3,'',8,2),(66,'2023-09-05 15:14:06.836063','61','Comment object (61)',3,'',8,2),(67,'2023-09-05 15:14:06.837881','60','Comment object (60)',3,'',8,2),(68,'2023-09-05 15:14:06.839117','59','Comment object (59)',3,'',8,2),(69,'2023-09-05 15:14:06.840440','43','Comment object (43)',3,'',8,2),(70,'2023-09-05 15:14:06.841926','42','Comment object (42)',3,'',8,2),(71,'2023-09-05 15:14:06.842918','41','Comment object (41)',3,'',8,2),(72,'2023-09-05 15:14:06.844918','40','Comment object (40)',3,'',8,2),(73,'2023-09-05 15:14:06.845911','38','Comment object (38)',3,'',8,2),(74,'2023-09-05 15:14:06.847906','30','Comment object (30)',3,'',8,2),(75,'2023-09-05 15:14:06.849900','29','Comment object (29)',3,'',8,2),(76,'2023-09-05 15:14:06.851899','28','Comment object (28)',3,'',8,2),(77,'2023-09-05 15:15:01.141711','75','Comment object (75)',3,'',8,2),(78,'2023-09-05 15:15:01.144070','74','Comment object (74)',3,'',8,2),(79,'2023-09-05 15:15:01.145726','73','Comment object (73)',3,'',8,2),(80,'2023-09-05 15:15:01.146724','72','Comment object (72)',3,'',8,2),(81,'2023-09-05 15:15:01.148713','71','Comment object (71)',3,'',8,2),(82,'2023-09-05 15:15:01.149711','70','Comment object (70)',3,'',8,2),(83,'2023-09-05 15:15:01.151706','69','Comment object (69)',3,'',8,2),(84,'2023-09-05 15:15:01.153700','68','Comment object (68)',3,'',8,2),(85,'2023-09-06 03:54:30.017561','10','刘丕文',3,'',6,2),(86,'2023-09-06 04:02:03.208726','16','重名',3,'',6,2),(87,'2023-09-06 09:30:14.757008','11','傲娇的天才',3,'',6,2),(90,'2023-09-06 10:00:37.751362','4','robot',2,'[{\"changed\": {\"fields\": [\"Last login\", \"Username\"]}}]',6,2),(91,'2023-09-06 11:01:06.215920','92','Comment object (92)',3,'',8,2),(92,'2023-09-06 11:01:06.217913','91','Comment object (91)',3,'',8,2),(93,'2023-09-06 11:01:06.218911','90','Comment object (90)',3,'',8,2),(94,'2023-09-06 11:01:06.220905','76','Comment object (76)',3,'',8,2),(95,'2023-09-09 12:40:43.205017','1','Tourism_producingRegion object (1)',2,'[{\"changed\": {\"fields\": [\"\\u4eba\\u6570\", \"\\u83b7\\u5f97\\u6570\\u636e\\u7684\\u65f6\\u95f4\"]}}]',13,2),(96,'2023-09-09 12:41:14.902924','1','TicketsPurchaseStatus object (1)',2,'[{\"changed\": {\"fields\": [\"\\u4eca\\u65e5\\u8d2d\\u7968\\u4eba\\u6570\", \"\\u5df2\\u5165\\u56ed\", \"\\u5f85\\u5165\\u56ed\", \"\\u83b7\\u5f97\\u6570\\u636e\\u7684\\u65f6\\u95f4\"]}}]',12,2),(97,'2023-09-11 10:46:45.068246','26','Article object (26)',3,'',7,2),(98,'2023-09-11 10:46:59.932488','32','Article object (32)',3,'',7,2),(99,'2023-09-11 10:47:06.613514','40','Article object (40)',3,'',7,2),(100,'2023-09-11 10:47:15.461297','41','Article object (41)',3,'',7,2),(101,'2023-09-11 10:47:28.226850','107','Comment object (107)',3,'',8,2),(102,'2023-09-11 10:47:38.593567','13','老沙',3,'',6,2),(103,'2023-09-11 10:47:57.594801','109','Comment object (109)',3,'',8,2),(104,'2023-09-11 10:48:01.108918','110','Comment object (110)',3,'',8,2),(105,'2023-09-11 10:48:04.628851','111','Comment object (111)',3,'',8,2),(106,'2023-09-11 10:48:08.187122','112','Comment object (112)',3,'',8,2),(107,'2023-09-11 10:48:11.342210','114','Comment object (114)',3,'',8,2),(108,'2023-09-11 10:48:22.530960','13','老沙',3,'',6,2),(109,'2023-09-11 10:48:43.068097','12','日下慧',3,'',6,2),(110,'2023-09-11 10:48:47.026435','4','robot',3,'',6,2),(111,'2023-09-11 10:48:58.556775','15','dicky',3,'',6,2),(112,'2023-09-11 10:49:37.841810','24','一个人的风流',2,'[{\"changed\": {\"fields\": [\"Last login\", \"Username\"]}}]',6,2),(113,'2023-09-11 10:55:19.364111','43','Article object (43)',3,'',7,2),(114,'2023-09-12 09:57:03.670303','2','Strategy object (2)',1,'[{\"added\": {}}]',9,2),(115,'2023-09-12 09:57:27.622654','1','Strategy object (1)',2,'[{\"changed\": {\"fields\": [\"\\u4f4d\\u7f6e\"]}}]',9,2),(116,'2023-09-12 09:58:25.569515','2','Strategy object (2)',2,'[{\"changed\": {\"fields\": [\"\\u56fe\\u7247\\u8def\\u5f84\"]}}]',9,2),(117,'2023-09-12 10:00:14.532157','3','Strategy object (3)',1,'[{\"added\": {}}]',9,2),(118,'2023-09-12 10:01:21.065863','4','Strategy object (4)',1,'[{\"added\": {}}]',9,2),(119,'2023-09-12 10:02:01.222447','5','Strategy object (5)',1,'[{\"added\": {}}]',9,2),(120,'2023-09-12 10:02:16.362442','5','Strategy object (5)',2,'[{\"changed\": {\"fields\": [\"\\u56fe\\u7247\\u8def\\u5f84\"]}}]',9,2),(121,'2023-09-12 10:02:55.780417','6','Strategy object (6)',1,'[{\"added\": {}}]',9,2),(122,'2023-09-12 10:03:31.797602','7','Strategy object (7)',1,'[{\"added\": {}}]',9,2),(123,'2023-09-12 10:04:03.273926','8','Strategy object (8)',1,'[{\"added\": {}}]',9,2),(124,'2023-09-12 10:04:31.287704','9','Strategy object (9)',1,'[{\"added\": {}}]',9,2),(125,'2023-09-12 10:05:03.610505','10','Strategy object (10)',1,'[{\"added\": {}}]',9,2),(126,'2023-09-12 10:05:32.998705','11','Strategy object (11)',1,'[{\"added\": {}}]',9,2),(127,'2023-09-12 10:06:06.730219','12','Strategy object (12)',1,'[{\"added\": {}}]',9,2),(128,'2023-09-12 10:06:38.281038','13','Strategy object (13)',1,'[{\"added\": {}}]',9,2),(129,'2023-09-12 10:07:09.504132','14','Strategy object (14)',1,'[{\"added\": {}}]',9,2),(130,'2023-09-12 10:07:39.505835','15','Strategy object (15)',1,'[{\"added\": {}}]',9,2),(131,'2023-09-12 10:08:03.316568','16','Strategy object (16)',1,'[{\"added\": {}}]',9,2),(132,'2023-09-12 10:08:36.235652','17','Strategy object (17)',1,'[{\"added\": {}}]',9,2),(133,'2023-09-12 10:08:43.604705','2','Strategy object (2)',2,'[]',9,2),(134,'2023-09-12 10:09:11.976414','4','Strategy object (4)',2,'[]',9,2),(135,'2023-09-12 10:09:34.703208','7','Strategy object (7)',2,'[{\"changed\": {\"fields\": [\"\\u56fe\\u7247\\u8def\\u5f84\"]}}]',9,2),(136,'2023-09-12 10:09:48.070544','8','Strategy object (8)',2,'[{\"changed\": {\"fields\": [\"\\u56fe\\u7247\\u8def\\u5f84\"]}}]',9,2),(137,'2023-09-12 10:09:55.996056','9','Strategy object (9)',2,'[{\"changed\": {\"fields\": [\"\\u56fe\\u7247\\u8def\\u5f84\"]}}]',9,2),(138,'2023-09-12 10:10:06.421314','10','Strategy object (10)',2,'[{\"changed\": {\"fields\": [\"\\u56fe\\u7247\\u8def\\u5f84\"]}}]',9,2),(139,'2023-09-12 10:10:16.637964','11','Strategy object (11)',2,'[{\"changed\": {\"fields\": [\"\\u56fe\\u7247\\u8def\\u5f84\"]}}]',9,2),(140,'2023-09-12 10:10:27.156149','12','Strategy object (12)',2,'[{\"changed\": {\"fields\": [\"\\u56fe\\u7247\\u8def\\u5f84\"]}}]',9,2),(141,'2023-09-12 10:10:38.618762','13','Strategy object (13)',2,'[{\"changed\": {\"fields\": [\"\\u56fe\\u7247\\u8def\\u5f84\"]}}]',9,2),(142,'2023-09-12 10:10:46.456578','14','Strategy object (14)',2,'[{\"changed\": {\"fields\": [\"\\u56fe\\u7247\\u8def\\u5f84\"]}}]',9,2),(143,'2023-09-12 10:10:54.852902','15','Strategy object (15)',2,'[{\"changed\": {\"fields\": [\"\\u56fe\\u7247\\u8def\\u5f84\"]}}]',9,2),(144,'2023-09-12 10:11:05.181026','16','Strategy object (16)',2,'[{\"changed\": {\"fields\": [\"\\u56fe\\u7247\\u8def\\u5f84\"]}}]',9,2),(145,'2023-09-12 10:11:15.990456','17','Strategy object (17)',2,'[{\"changed\": {\"fields\": [\"\\u56fe\\u7247\\u8def\\u5f84\"]}}]',9,2);
/*!40000 ALTER TABLE `django_admin_log` ENABLE KEYS */;
UNLOCK TABLES;

--
-- Table structure for table `django_apscheduler_djangojob`
--

DROP TABLE IF EXISTS `django_apscheduler_djangojob`;
/*!40101 SET @saved_cs_client     = @@character_set_client */;
/*!50503 SET character_set_client = utf8mb4 */;
CREATE TABLE `django_apscheduler_djangojob` (
  `id` varchar(255) NOT NULL,
  `next_run_time` datetime(6) DEFAULT NULL,
  `job_state` longblob NOT NULL,
  PRIMARY KEY (`id`),
  KEY `django_apscheduler_djangojob_next_run_time_2f022619` (`next_run_time`)
) ENGINE=InnoDB DEFAULT CHARSET=utf8mb4 COLLATE=utf8mb4_0900_ai_ci;
/*!40101 SET character_set_client = @saved_cs_client */;

--
-- Dumping data for table `django_apscheduler_djangojob`
--

LOCK TABLES `django_apscheduler_djangojob` WRITE;
/*!40000 ALTER TABLE `django_apscheduler_djangojob` DISABLE KEYS */;
/*!40000 ALTER TABLE `django_apscheduler_djangojob` ENABLE KEYS */;
UNLOCK TABLES;

--
-- Table structure for table `django_apscheduler_djangojobexecution`
--

DROP TABLE IF EXISTS `django_apscheduler_djangojobexecution`;
/*!40101 SET @saved_cs_client     = @@character_set_client */;
/*!50503 SET character_set_client = utf8mb4 */;
CREATE TABLE `django_apscheduler_djangojobexecution` (
  `id` bigint NOT NULL AUTO_INCREMENT,
  `status` varchar(50) NOT NULL,
  `run_time` datetime(6) NOT NULL,
  `duration` decimal(15,2) DEFAULT NULL,
  `finished` decimal(15,2) DEFAULT NULL,
  `exception` varchar(1000) DEFAULT NULL,
  `traceback` longtext,
  `job_id` varchar(255) NOT NULL,
  PRIMARY KEY (`id`),
  UNIQUE KEY `unique_job_executions` (`job_id`,`run_time`),
  KEY `django_apscheduler_djangojobexecution_run_time_16edd96b` (`run_time`),
  CONSTRAINT `django_apscheduler_djangojobexecution_job_id_daf5090a_fk` FOREIGN KEY (`job_id`) REFERENCES `django_apscheduler_djangojob` (`id`)
) ENGINE=InnoDB DEFAULT CHARSET=utf8mb4 COLLATE=utf8mb4_0900_ai_ci;
/*!40101 SET character_set_client = @saved_cs_client */;

--
-- Dumping data for table `django_apscheduler_djangojobexecution`
--

LOCK TABLES `django_apscheduler_djangojobexecution` WRITE;
/*!40000 ALTER TABLE `django_apscheduler_djangojobexecution` DISABLE KEYS */;
/*!40000 ALTER TABLE `django_apscheduler_djangojobexecution` ENABLE KEYS */;
UNLOCK TABLES;

--
-- Table structure for table `django_content_type`
--

DROP TABLE IF EXISTS `django_content_type`;
/*!40101 SET @saved_cs_client     = @@character_set_client */;
/*!50503 SET character_set_client = utf8mb4 */;
CREATE TABLE `django_content_type` (
  `id` int NOT NULL AUTO_INCREMENT,
  `app_label` varchar(100) NOT NULL,
  `model` varchar(100) NOT NULL,
  PRIMARY KEY (`id`),
  UNIQUE KEY `django_content_type_app_label_model_76bd3d3b_uniq` (`app_label`,`model`)
) ENGINE=InnoDB AUTO_INCREMENT=14 DEFAULT CHARSET=utf8mb4 COLLATE=utf8mb4_0900_ai_ci;
/*!40101 SET character_set_client = @saved_cs_client */;

--
-- Dumping data for table `django_content_type`
--

LOCK TABLES `django_content_type` WRITE;
/*!40000 ALTER TABLE `django_content_type` DISABLE KEYS */;
INSERT INTO `django_content_type` VALUES (1,'admin','logentry'),(7,'article','article'),(8,'article','comment'),(3,'auth','group'),(2,'auth','permission'),(4,'contenttypes','contenttype'),(10,'django_apscheduler','djangojob'),(11,'django_apscheduler','djangojobexecution'),(6,'Login_And_SLogin','usertable'),(5,'sessions','session'),(9,'strategy','strategy'),(12,'strategy','ticketspurchasestatus'),(13,'strategy','tourism_producingregion');
/*!40000 ALTER TABLE `django_content_type` ENABLE KEYS */;
UNLOCK TABLES;

--
-- Table structure for table `django_migrations`
--

DROP TABLE IF EXISTS `django_migrations`;
/*!40101 SET @saved_cs_client     = @@character_set_client */;
/*!50503 SET character_set_client = utf8mb4 */;
CREATE TABLE `django_migrations` (
  `id` bigint NOT NULL AUTO_INCREMENT,
  `app` varchar(255) NOT NULL,
  `name` varchar(255) NOT NULL,
  `applied` datetime(6) NOT NULL,
  PRIMARY KEY (`id`)
) ENGINE=InnoDB AUTO_INCREMENT=47 DEFAULT CHARSET=utf8mb4 COLLATE=utf8mb4_0900_ai_ci;
/*!40101 SET character_set_client = @saved_cs_client */;

--
-- Dumping data for table `django_migrations`
--

LOCK TABLES `django_migrations` WRITE;
/*!40000 ALTER TABLE `django_migrations` DISABLE KEYS */;
INSERT INTO `django_migrations` VALUES (1,'contenttypes','0001_initial','2023-08-20 08:19:26.872105'),(2,'contenttypes','0002_remove_content_type_name','2023-08-20 08:19:26.927956'),(3,'auth','0001_initial','2023-08-20 08:19:27.093056'),(4,'auth','0002_alter_permission_name_max_length','2023-08-20 08:19:27.128287'),(5,'auth','0003_alter_user_email_max_length','2023-08-20 08:19:27.133274'),(6,'auth','0004_alter_user_username_opts','2023-08-20 08:19:27.139257'),(7,'auth','0005_alter_user_last_login_null','2023-08-20 08:19:27.145242'),(8,'auth','0006_require_contenttypes_0002','2023-08-20 08:19:27.148234'),(9,'auth','0007_alter_validators_add_error_messages','2023-08-20 08:19:27.153220'),(10,'auth','0008_alter_user_username_max_length','2023-08-20 08:19:27.159204'),(11,'auth','0009_alter_user_last_name_max_length','2023-08-20 08:19:27.165188'),(12,'auth','0010_alter_group_name_max_length','2023-08-20 08:19:27.180150'),(13,'auth','0011_update_proxy_permissions','2023-08-20 08:19:27.187130'),(14,'auth','0012_alter_user_first_name_max_length','2023-08-20 08:19:27.193115'),(15,'Login_And_SLogin','0001_initial','2023-08-20 08:19:27.222037'),(16,'Login_And_SLogin','0002_usertable_register_time','2023-08-20 08:19:27.258938'),(17,'Login_And_SLogin','0003_alter_usertable_register_time','2023-08-20 08:19:27.262929'),(18,'Login_And_SLogin','0004_alter_usertable_options_alter_usertable_managers_and_more','2023-08-20 08:19:27.641153'),(19,'Login_And_SLogin','0005_alter_usertable_age_alter_usertable_sex','2023-08-20 08:19:27.712825'),(20,'Login_And_SLogin','0006_alter_usertable_managers','2023-08-20 08:19:27.719808'),(21,'admin','0001_initial','2023-08-20 08:27:03.148815'),(22,'admin','0002_logentry_remove_auto_add','2023-08-20 08:27:03.155795'),(23,'admin','0003_logentry_add_action_flag_choices','2023-08-20 08:27:03.162778'),(24,'article','0001_initial','2023-08-20 08:27:03.212534'),(25,'article','0002_article_comment_delete_articlepost','2023-08-20 08:27:03.382744'),(26,'sessions','0001_initial','2023-08-20 08:27:03.419647'),(27,'strategy','0001_initial','2023-08-20 08:27:03.433611'),(28,'strategy','0002_strategy_img_url','2023-08-20 08:27:03.447572'),(29,'article','0003_alter_article_img_url_alter_article_publish_time_and_more','2023-08-20 08:51:06.594031'),(30,'article','0004_alter_article_publish_time_and_more','2023-09-07 12:55:47.509326'),(31,'django_apscheduler','0001_initial','2023-09-07 12:55:47.612511'),(32,'django_apscheduler','0002_auto_20180412_0758','2023-09-07 12:55:47.655569'),(33,'django_apscheduler','0003_auto_20200716_1632','2023-09-07 12:55:47.678507'),(34,'django_apscheduler','0004_auto_20200717_1043','2023-09-07 12:55:47.810295'),(35,'django_apscheduler','0005_migrate_name_to_id','2023-09-07 12:55:47.823986'),(36,'django_apscheduler','0006_remove_djangojob_name','2023-09-07 12:55:47.863047'),(37,'django_apscheduler','0007_auto_20200717_1404','2023-09-07 12:55:47.905298'),(38,'django_apscheduler','0008_remove_djangojobexecution_started','2023-09-07 12:55:47.915115'),(39,'django_apscheduler','0009_djangojobexecution_unique_job_executions','2023-09-07 12:55:47.928524'),(40,'strategy','0003_ticketspurchasestatus_tourism_producingregion','2023-09-09 10:48:16.490425'),(41,'article','0005_alter_article_publish_time_and_more','2023-09-09 11:13:13.425371'),(42,'article','0006_alter_article_publish_time_and_more','2023-09-09 12:33:32.159477'),(43,'strategy','0004_alter_ticketspurchasestatus_options_and_more','2023-09-09 12:33:32.166448'),(44,'article','0007_alter_article_publish_time_and_more','2023-09-09 12:35:12.906985'),(45,'strategy','0005_alter_ticketspurchasestatus_options','2023-09-09 12:35:12.911973'),(46,'article','0008_alter_article_publish_time_and_more','2023-09-09 12:39:35.284009');
/*!40000 ALTER TABLE `django_migrations` ENABLE KEYS */;
UNLOCK TABLES;

--
-- Table structure for table `django_session`
--

DROP TABLE IF EXISTS `django_session`;
/*!40101 SET @saved_cs_client     = @@character_set_client */;
/*!50503 SET character_set_client = utf8mb4 */;
CREATE TABLE `django_session` (
  `session_key` varchar(40) NOT NULL,
  `session_data` longtext NOT NULL,
  `expire_date` datetime(6) NOT NULL,
  PRIMARY KEY (`session_key`),
  KEY `django_session_expire_date_a5c62663` (`expire_date`)
) ENGINE=InnoDB DEFAULT CHARSET=utf8mb4 COLLATE=utf8mb4_0900_ai_ci;
/*!40101 SET character_set_client = @saved_cs_client */;

--
-- Dumping data for table `django_session`
--

LOCK TABLES `django_session` WRITE;
/*!40000 ALTER TABLE `django_session` DISABLE KEYS */;
INSERT INTO `django_session` VALUES ('04z27nhp03odwsspc1alkeart74nhch4','.eJxVjDsOwjAQBe_iGlm7zjrYlPQ5g7X-4QCypTipEHeHSCmgfTPzXsLxtha39bS4OYqLIHH63TyHR6o7iHeutyZDq-sye7kr8qBdTi2m5_Vw_w4K9_KtkXBQ6JPWI6FKgw0MCo0lG7w9AxrEIWf2JnsA0gm1sgCGIGcEHFm8P6p2NmI:1qYXP9:jUdL5b0i2yMQR6u0vUlAJ4YtaKeOqVQ3fMM3fz4rAis','2023-09-05 19:51:07.663944'),('1ewunt42rd5jpkczlazw2yqrmqxx7af3','.eJxVjMEOwiAQRP-FsyFACywevfcbCLuwtmpKUtqT8d9tkx70Npn3Zt4ipm0d49bKEqcsrkJ7cfktMdGzzAfJjzTfq6Q6r8uE8lDkSZscai6v2-n-HYypjfsagoEMDtEAAneAvQtOZa_2ZJ3V2BGnwGhSZgqlp0DMSpMxNngGKz5fCJ44XA:1qed3e:Fl5xRtkfMoJOSAKwZvEF3-vayYx6X_tDrh-dtBt3cN8','2023-09-22 15:06:06.937549'),('1jm9ckgizki3zp6m2uaw7mkz1f8zxn6h','.eJxVjMsOwiAQRf-FtSFApzxcuvcbyEwHpGogKe3K-O_apAvd3nPOfYmI21ri1tMSZxZnoZ04_Y6E0yPVnfAd663JqdV1mUnuijxol9fG6Xk53L-Dgr18a1QJkgeFCgJn0obGEJR12iGTcUYBkBrMAJDRau-BOE_ZJu2zNW5k8f4A9tQ3nw:1qdjuH:JZhDOqhxeeo3RGR2e8KRnuPpYBV5sky93Y4WLe6tuBw','2023-09-20 04:12:45.552789'),('1omaq8z3f36ab8x41fuuscd2h5el8qnj','.eJxVjDsOwjAQBe_iGlm7zjrYlPQ5g7X-4QCypTipEHeHSCmgfTPzXsLxtha39bS4OYqLIHH63TyHR6o7iHeutyZDq-sye7kr8qBdTi2m5_Vw_w4K9_KtkXBQ6JPWI6FKgw0MCo0lG7w9AxrEIWf2JnsA0gm1sgCGIGcEHFm8P6p2NmI:1qZREF:erJyjDChWNNle6fioKCQhLfG-zwPoB5rJJwqRvz2UYQ','2023-09-08 07:27:35.554053'),('26xqb0r9v4brp8uas3wlmam2q1ujxent','.eJxVjEEOwiAQRe_C2hBgClSX7nsGMsCMVA0kpV0Z765NutDtf-_9lwi4rSVsnZYwZ3ER2ovT7xgxPajuJN-x3ppMra7LHOWuyIN2ObVMz-vh_h0U7OVbK69BaUg4uLNmZ23krC0nRawwWgLwEa3OYJQbeXQqAyfDwJ4o-cGI9wf9Xzgn:1qdk72:cTrYoHfhEgfXzg5c1hLGWP6JZgbZftCsZS6ce3E8Lr0','2023-09-20 04:25:56.366835'),('27m9odxpm490lzmpnlsap7xr3102d3r4','.eJxVjDsOwjAQBe_iGlm7zjrYlPQ5g7X-4QCypTipEHeHSCmgfTPzXsLxtha39bS4OYqLIHH63TyHR6o7iHeutyZDq-sye7kr8qBdTi2m5_Vw_w4K9_KtkXBQ6JPWI6FKgw0MCo0lG7w9AxrEIWf2JnsA0gm1sgCGIGcEHFm8P6p2NmI:1qZRCT:yw8f0R34iyhrXVpMOdr19HBd0OVgeSCoocCn-VC4Ctg','2023-09-08 07:25:45.215728'),('2a0y4g7roth4kci4cwm8au3kerhv0k1x','.eJxVjMEOwiAQRP-FsyFACywevfcbCLuwtmpKUtqT8d9tkx70Npn3Zt4ipm0d49bKEqcsrkJ7cfktMdGzzAfJjzTfq6Q6r8uE8lDkSZscai6v2-n-HYypjfsagoEMDtEAAneAvQtOZa_2ZJ3V2BGnwGhSZgqlp0DMSpMxNngGKz5fCJ44XA:1qevzz:ov9jKyZIJAYBFwf6OWUB3GcmlXJls-Cx35weFEO-O84','2023-09-23 11:19:35.496075'),('2fb06m82a1xpu9yb0931kgnbhfphctfi','.eJxVjEEOwiAQRe_C2pBSGKQu3fcMZJgZpWogKe3KeHfbpAvd_vf-e6uI65Lj2mSOE6uL6kGdfseE9JSyE35guVdNtSzzlPSu6IM2PVaW1_Vw_wIZW97eCQIQnQcfnOebgc4BBRI0JJR6RDTeCVvLsDU9AnbWYBpYnEWbDKvPFyYkOTY:1qfgov:wvOd5gqa8kfg7blTLLoPVU88rOTuFbFU4reZ0tU4Weo','2023-09-25 13:19:17.901482'),('2fkhwkmvf4g1bmqbqiowcekcgpif4d3c','.eJxVjMEOwiAQRP-FsyFACywevfcbCLuwtmpKUtqT8d9tkx70Npn3Zt4ipm0d49bKEqcsrkJ7cfktMdGzzAfJjzTfq6Q6r8uE8lDkSZscai6v2-n-HYypjfsagoEMDtEAAneAvQtOZa_2ZJ3V2BGnwGhSZgqlp0DMSpMxNngGKz5fCJ44XA:1qef6w:tPuI7SmrXNFn0LjC7Tleqb_zWlbKp71QxE0FoYfQCuo','2023-09-22 17:17:38.913650'),('2vv5ncxp80zozuijmqvpw7gx3576slsm','.eJxVjMsOwiAQRf-FtSEwvF269xvIwIBUDU1KuzL-uzbpQrf3nHNfLOK2triNssSJ2JlJyU6_Y8L8KH0ndMd-m3me-7pMie8KP-jg15nK83K4fwcNR_vWKUhddSAvQGkPEExFJ5whjQkDaUdKKGGdtVmUqiQUquCNBEG1knPs_QHlMjd4:1qc6uh:48husNbGZMAT13CFIf2Fg_WrFfMoGg83ULXBkardMXA','2023-09-15 16:22:27.702218'),('3e38yf50nmxqtb6ix61e42igstrik4xw','.eJxVjMsOwiAQRf-FtSHlMRBcuvcbyAwMUjWQlHZl_Hdt0oVu7znnvkTEba1xG7zEOYuzUF6cfkfC9OC2k3zHdusy9bYuM8ldkQcd8tozPy-H-3dQcdRvrZ3Jzll21pL3Gh0HXbQCYMxU0CpfjMmaIAWeEjgAhZSCCgyGaVLi_QH_JTgC:1qdjpm:HCqnOA2Q9llHrWOyOuyHnjwIjUwCtRJykdHv66TrR4w','2023-09-20 04:08:06.759163'),('3gccxxac1ql24lfh0zvmaxc95743wugv','.eJxVjMEOwiAQRP-FsyELhQU9evcbyAKLVA1NSnsy_rtt0oOeJpn3Zt4i0LrUsHaew5jFRShx-u0ipSe3HeQHtfsk09SWeYxyV-RBu7xNmV_Xw_07qNTrtvaagQDPW2qNigE0e1-QlFXWM1EyxkIG4wceAG0qzhmbosrFGUQWny-6oTcM:1qYV1X:ss-fjzzj0pOOOg3u_NiGr7Q3ZP_WEgjIgqB_HA3_YVk','2023-09-05 17:18:35.217098'),('3huhwufl0qovvh0hfrllu8888y98gppf','.eJxVjEEOwiAQRe_C2pBSGKQu3fcMZJgZpWogKe3KeHfbpAvd_vf-e6uI65Lj2mSOE6uL6kGdfseE9JSyE35guVdNtSzzlPSu6IM2PVaW1_Vw_wIZW97eCQIQnQcfnOebgc4BBRI0JJR6RDTeCVvLsDU9AnbWYBpYnEWbDKvPFyYkOTY:1qfjsW:FbHDUHfG5rNRoTOLIJu3pkc5HuLkBjydfoTIJsytWes','2023-09-25 16:35:12.040314'),('3jjgyavwmt1a7korpkrrd0io4mupu7ks','.eJxVjEEOwiAQRe_C2pBSGKQu3fcMZJgZpWogKe3KeHfbpAvd_vf-e6uI65Lj2mSOE6uL6kGdfseE9JSyE35guVdNtSzzlPSu6IM2PVaW1_Vw_wIZW97eCQIQnQcfnOebgc4BBRI0JJR6RDTeCVvLsDU9AnbWYBpYnEWbDKvPFyYkOTY:1qfgz6:EMxT080GJH8fZ41tcQOpGdBejjFgrPTRywWz-Ju0SzM','2023-09-25 13:29:48.524578'),('3n6mfojhiyzixx82i46p8x4hy3z79535','.eJxVjEEOwiAQRe_C2pBSGKQu3fcMZJgZpWogKe3KeHfbpAvd_vf-e6uI65Lj2mSOE6uL6kGdfseE9JSyE35guVdNtSzzlPSu6IM2PVaW1_Vw_wIZW97eCQIQnQcfnOebgc4BBRI0JJR6RDTeCVvLsDU9AnbWYBpYnEWbDKvPFyYkOTY:1qfguQ:zpAl_-x0sZJCw9yqaR3y80LqKSD3ZuH5feGDC6pkmHk','2023-09-25 13:24:58.772755'),('3s1aeblvddenwb6upam71l4f5jzki7vm','.eJxVjMEOwiAQRP-FsyFACywevfcbCLuwtmpKUtqT8d9tkx70Npn3Zt4ipm0d49bKEqcsrkJ7cfktMdGzzAfJjzTfq6Q6r8uE8lDkSZscai6v2-n-HYypjfsagoEMDtEAAneAvQtOZa_2ZJ3V2BGnwGhSZgqlp0DMSpMxNngGKz5fCJ44XA:1qfdvL:lpQm1MJPh9vqz5AD53vKerTAzeJAoO8NaL4Q0gpH5k8','2023-09-25 10:13:43.431373'),('3ukziu5lq8o59k7v4fp1yrimqfl0aqy0','.eJxVjMEOwiAQRP-FsyFACywevfcbCLuwtmpKUtqT8d9tkx70Npn3Zt4ipm0d49bKEqcsrkJ7cfktMdGzzAfJjzTfq6Q6r8uE8lDkSZscai6v2-n-HYypjfsagoEMDtEAAneAvQtOZa_2ZJ3V2BGnwGhSZgqlp0DMSpMxNngGKz5fCJ44XA:1qevTu:xgSwDzgHeDKdUTCzQEphyPC_DQcroyV46tjex_8EfuE','2023-09-23 10:46:26.687116'),('3wn26fif35912ba6fx7qgv95338s1aay','.eJxVjEEOwiAURO_C2hAolIJL9z0D-fwPUjWQlHZlvLsl6UJ3k3lv5s087Fv2e4urX4hdmVTs8lsGwGcsndADyr1yrGVbl8C7wk_a-Fwpvm6n-3eQoeW-ds6hsWGQKGXS4kjWJoKUKA0oxgkQtZaGtFAYxgOaqGmKLgiDzir2-QIVTDhG:1qdqFW:FVURSRY2TwglKSAGyl0wcqJAUpmw5d5UogUiYCC8R1I','2023-09-20 10:59:06.358734'),('3wpnvd9m06sy6gsf8ijgh8qvcn98laep','.eJxVjEEOwiAQRe_C2hAYioBL9z1DMwyDVA0kpV0Z765NutDtf-_9l5hwW8u0dV6mOYmL0CBOv2NEenDdSbpjvTVJra7LHOWuyIN2ObbEz-vh_h0U7OVbs3XeMLGO3pNVNiFlJJ85R_DO5HNAFxSaEEBrp8BaAEekB6cHUAnF-wMc5DfV:1qd3gl:DPdKs5ilcLuiSbV8eHQdtRNm6xYV7HOzWCerM7UZcUw','2023-09-18 07:07:59.143982'),('4alhep4jnxroq4wp64tmcyyyzo65btsf','.eJxVjEEOwiAQRe_C2pBSGKQu3fcMZJgZpWogKe3KeHfbpAvd_vf-e6uI65Lj2mSOE6uL6kGdfseE9JSyE35guVdNtSzzlPSu6IM2PVaW1_Vw_wIZW97eCQIQnQcfnOebgc4BBRI0JJR6RDTeCVvLsDU9AnbWYBpYnEWbDKvPFyYkOTY:1qg0PB:aTPx0i3B_TF_-lwcK0TQMUz3Zu8DmXp8z9KCREZcjA0','2023-09-26 10:14:01.939788'),('4k224jgilzzw225jyqqne9v089m8bbxj','.eJxVjEEOwiAQRe_C2hBgClSX7nsGMsCMVA0kpV0Z765NutDtf-_9lwi4rSVsnZYwZ3ER2ovT7xgxPajuJN-x3ppMra7LHOWuyIN2ObVMz-vh_h0U7OVbK69BaUg4uLNmZ23krC0nRawwWgLwEa3OYJQbeXQqAyfDwJ4o-cGI9wf9Xzgn:1qdk6g:rbcnFjtozJN6mMJY3oISVhvJF_DTmq3Lqtt3QMeulBI','2023-09-20 04:25:34.214013'),('51htp1uci3kq8vt36rftr2olukr2w573','.eJxVjDsOwjAQBe_iGlm7zjrYlPQ5g7X-4QCypTipEHeHSCmgfTPzXsLxtha39bS4OYqLIHH63TyHR6o7iHeutyZDq-sye7kr8qBdTi2m5_Vw_w4K9_KtkXBQ6JPWI6FKgw0MCo0lG7w9AxrEIWf2JnsA0gm1sgCGIGcEHFm8P6p2NmI:1qYgfm:SRvCvgwxXQc3BU-n56FyMbzQlHavZUERTjy_Zp-kJik','2023-09-06 05:44:54.828197'),('6tu9mud7e9hb81rgjz6gjv6w5k1eelns','.eJxVjMEOwiAQRP-FsyHsLi3Vo3e_gWxhkaqhSWlPxn-XJj3obfLmzbyV523Nfquy-CmqiwKnTr9w5PCUsjfxweU-6zCXdZlGvSv6aKu-zVFe18P9O8hcc1sLIffomMMQDAMa6NC0bI2AkCCdJSVHA6LYHqwBihi7hlASOQfq8wX8zzeN:1qdodp:6-qieR3vYMhSGgIwl-crUIr258le-_0sewHuEmOzTQU','2023-09-20 09:16:05.016054'),('6ualx7im4xtlujxql9ngl0m7hxww3iv1','.eJxVjMEOwiAQRP-FsyFACywevfcbCLuwtmpKUtqT8d9tkx70Npn3Zt4ipm0d49bKEqcsrkJ7cfktMdGzzAfJjzTfq6Q6r8uE8lDkSZscai6v2-n-HYypjfsagoEMDtEAAneAvQtOZa_2ZJ3V2BGnwGhSZgqlp0DMSpMxNngGKz5fCJ44XA:1qfKLe:wmt9ONpm0p8k73xy6xlYHhSyp7bdC55qlJ8sk8Hneu8','2023-09-24 13:19:34.231480'),('7dwjv9ckteep6jvg175gtkpejdcdw365','.eJxVjMEOwiAQRP-FsyELhQU9evcbyAKLVA1NSnsy_rtt0oOeJpn3Zt4i0LrUsHaew5jFRShx-u0ipSe3HeQHtfsk09SWeYxyV-RBu7xNmV_Xw_07qNTrtvaagQDPW2qNigE0e1-QlFXWM1EyxkIG4wceAG0qzhmbosrFGUQWny-6oTcM:1qXhPw:d6gjzNXJ-DkhGQbcKVtnZZ3km4HRHP4myZAeTHLulhI','2023-09-03 12:20:28.495665'),('7p4ncbpsvxou2ec22ev7zdj2yjdrss73','.eJxVjMEOwiAQRP-FsyELhQU9evcbyAKLVA1NSnsy_rtt0oOeJpn3Zt4i0LrUsHaew5jFRShx-u0ipSe3HeQHtfsk09SWeYxyV-RBu7xNmV_Xw_07qNTrtvaagQDPW2qNigE0e1-QlFXWM1EyxkIG4wceAG0qzhmbosrFGUQWny-6oTcM:1qYVFE:dE-beFkBBhHRDXalFh3kLLh3T6JrqR7SPgvH9KDtWio','2023-09-05 17:32:44.805248'),('7voduvdai80e4o7i4x2lh9lmkl8pjnbk','.eJxVjEEOwiAQRe_C2hCYAhWX7j0DYQZGqgaS0q6Md7dNutDtf--_twhxXUpYe57DlMRFGHH63TDSM9cdpEes9yap1WWeUO6KPGiXt5by63q4f4ESe9nebgRFrAZFyKAya62T9xbQAgEnJutg9J4HMzhLxlDe2pYj8pmZUYvPF-XeOL8:1qbiRr:j3sbc4my7nbI5y0l8laxPQiqIMXELV306dEg3QEHzcs','2023-09-14 14:15:03.603967'),('7zrum8ohq46dnxlqz62ti4o74o2hcvlg','.eJxVjEEOwiAQRe_C2pBSGKQu3fcMZJgZpWogKe3KeHfbpAvd_vf-e6uI65Lj2mSOE6uL6kGdfseE9JSyE35guVdNtSzzlPSu6IM2PVaW1_Vw_wIZW97eCQIQnQcfnOebgc4BBRI0JJR6RDTeCVvLsDU9AnbWYBpYnEWbDKvPFyYkOTY:1qfena:qrXQ9Nmtvjuv25cDE7RKhL6YWBxWrb4zMMZKdlq1WwY','2023-09-25 11:09:46.997739'),('84vtozvev7jlhhrrl0o4982v61sz46n8','.eJxVjEEOwiAQRe_C2pBSGKQu3fcMZJgZpWogKe3KeHfbpAvd_vf-e6uI65Lj2mSOE6uL6kGdfseE9JSyE35guVdNtSzzlPSu6IM2PVaW1_Vw_wIZW97eCQIQnQcfnOebgc4BBRI0JJR6RDTeCVvLsDU9AnbWYBpYnEWbDKvPFyYkOTY:1qfivJ:SADcKj_EwjwoPfaOgYzkzp5sdIt856vE9a0-TpPp8Ww','2023-09-25 15:34:01.795205'),('8h4mrxh8ma9jcu3pp7kq5mmgidl05giw','.eJxVjEEOwiAQRe_C2pBSGKQu3fcMZJgZpWogKe3KeHfbpAvd_vf-e6uI65Lj2mSOE6uL6kGdfseE9JSyE35guVdNtSzzlPSu6IM2PVaW1_Vw_wIZW97eCQIQnQcfnOebgc4BBRI0JJR6RDTeCVvLsDU9AnbWYBpYnEWbDKvPFyYkOTY:1qfvRW:X_VoaHkgUMdvMsLj8cIr_wogdzyy2oXIO0SXciqAlqc','2023-09-26 04:56:06.105227'),('8pogfqrdwy6o66c00tc0afu82a1ezmn5','.eJxVjMEOwiAQRP-FsyHsLi3Vo3e_gWxhkaqhSWlPxn-XJj3obfLmzbyV523Nfquy-CmqiwKnTr9w5PCUsjfxweU-6zCXdZlGvSv6aKu-zVFe18P9O8hcc1sLIffomMMQDAMa6NC0bI2AkCCdJSVHA6LYHqwBihi7hlASOQfq8wX8zzeN:1qdmzp:e_dXo0t1z5ghDrNjp5Mf0vlkK4i-bfRSrdaBlf_bEYk','2023-09-20 07:30:41.092276'),('8tmn6tmw4tlzrsoseekc8yatagmqtvfp','.eJxVjMEOwiAQRP-FsyFACywevfcbCLuwtmpKUtqT8d9tkx70Npn3Zt4ipm0d49bKEqcsrkJ7cfktMdGzzAfJjzTfq6Q6r8uE8lDkSZscai6v2-n-HYypjfsagoEMDtEAAneAvQtOZa_2ZJ3V2BGnwGhSZgqlp0DMSpMxNngGKz5fCJ44XA:1qeqo9:VqGXKoWK5p3cI2ttGyOeUAG3rPbMJZEkb72hDjls5jU','2023-09-23 05:47:01.187602'),('9d2eb0hql06xsn3t8c7s5injth86pgtv','.eJxVjMEOwiAQRP-FsyELhQU9evcbyAKLVA1NSnsy_rtt0oOeJpn3Zt4i0LrUsHaew5jFRShx-u0ipSe3HeQHtfsk09SWeYxyV-RBu7xNmV_Xw_07qNTrtvaagQDPW2qNigE0e1-QlFXWM1EyxkIG4wceAG0qzhmbosrFGUQWny-6oTcM:1qYUGT:o2BMDloc7VCVjDaVGRwutdAekH5oRbgM9r8hN0cv-s4','2023-09-05 16:29:57.381008'),('9ilcq6dhetkr65c53z1kupkvjqrukosp','.eJxVjDsOgzAQRO_iOrKwF-PdlOk5g7X-xSSRkTBUUe4ekCiSaqR5b-YtHG9rcVtLi5uiuAplxeW39ByeqR4kPrjeZxnmui6Tl4ciT9rkOMf0up3u30HhVvY1-BwyWkKjwsBkLbHJvdewB3DUoDtA1pEUQwDUaMij4s73dgAkFJ8vBRc3Ww:1qeaAH:BRR08UyhTdZ7fUwv9KNttBj8_bYeejANvm8Zw6WEatU','2023-09-22 12:00:45.799692'),('9zxlkoxd9wf5n71qhv841syoud6tcage','.eJxVjDsOwjAQBe_iGlk2wZ9Q0nOG6K13jQMoluKkQtwdIqWA9s3Me6kB61KGtck8jKzOykZ1-B0J6SHTRviO6VZ1qtMyj6Q3Re-06WtleV529--goJVvLVESjOltdOgy2eC8p8ACkxmg1B-z64QjhCTmyMkGcl1CwMllD6PeHz79ObM:1qeFmP:ePQ7KZmsi6ONTKExqr0THil8Dk27AUQZr6Gbr-l88xw','2023-09-21 14:14:45.232744'),('a1n9y8974idx7ur9rud1e89w57t4kl49','.eJxVjMEOwiAQRP-FsyELhQU9evcbyAKLVA1NSnsy_rtt0oOeJpn3Zt4i0LrUsHaew5jFRShx-u0ipSe3HeQHtfsk09SWeYxyV-RBu7xNmV_Xw_07qNTrtvaagQDPW2qNigE0e1-QlFXWM1EyxkIG4wceAG0qzhmbosrFGUQWny-6oTcM:1qYUqe:QCB5-rPghBMqqxDgGnofvAN4kNzhbVchAZe7xyJuplI','2023-09-05 17:07:20.001200'),('aluakntjk3nd9kw7mway611v7esl2auf','.eJxVjMsOwiAQRf-FtSEBysule7-BDMyMVA0kpV0Z_12bdKHbe865L5FgW2vaBi1pRnEW2ovT75ihPKjtBO_Qbl2W3tZlznJX5EGHvHak5-Vw_w4qjPqtow5YDGanImnDBYm1cRrJYUA2QXlbiIAVInCISnGcTJi8pkLWWhDvDzMqORM:1qfefM:52uA0FreHaaDsAU-sB02DY0dYAfjtvxD6nWU9puIkbk','2023-09-25 11:01:16.634731'),('bjp6mkf18257nk7k8bfyear60fgkp7c2','.eJxVjEEOwiAURO_C2hAolIJL9z0D-fwPUjWQlHZlvLsl6UJ3k3lv5s087Fv2e4urX4hdmVTs8lsGwGcsndADyr1yrGVbl8C7wk_a-Fwpvm6n-3eQoeW-ds6hsWGQKGXS4kjWJoKUKA0oxgkQtZaGtFAYxgOaqGmKLgiDzir2-QIVTDhG:1qdA1g:tXXDeXqx8PULE5q_jhWCmG6CMkZfdwUV5LbTIgoFCA0','2023-09-18 13:54:00.496094'),('bknvwrit57kmqspfwogatas91wofg0s4','.eJxVjEEOwiAQRe_C2pBSGKQu3fcMZJgZpWogKe3KeHfbpAvd_vf-e6uI65Lj2mSOE6uL6kGdfseE9JSyE35guVdNtSzzlPSu6IM2PVaW1_Vw_wIZW97eCQIQnQcfnOebgc4BBRI0JJR6RDTeCVvLsDU9AnbWYBpYnEWbDKvPFyYkOTY:1qg2C7:5XUot-CQ1U3t81ZxCO7g2MDhjPfoiOdaJPawslcWWPc','2023-09-26 12:08:39.559051'),('c0vwsvpas4iih8lz53vxhdvgc7enk5ii','.eJxVjMEOwiAQRP-FsyFACywevfcbCLuwtmpKUtqT8d9tkx70Npn3Zt4ipm0d49bKEqcsrkJ7cfktMdGzzAfJjzTfq6Q6r8uE8lDkSZscai6v2-n-HYypjfsagoEMDtEAAneAvQtOZa_2ZJ3V2BGnwGhSZgqlp0DMSpMxNngGKz5fCJ44XA:1qezRl:rtBad0w81KoP9QG76nRKW31_RNfRM8PjLy5Ep_HJg9g','2023-09-23 15:00:29.374815'),('cfgo46mxiwyb39zzu45apt3c8omtixca','.eJxVjMEOwiAQRP-FsyFACywevfcbCLuwtmpKUtqT8d9tkx70Npn3Zt4ipm0d49bKEqcsrkJ7cfktMdGzzAfJjzTfq6Q6r8uE8lDkSZscai6v2-n-HYypjfsagoEMDtEAAneAvQtOZa_2ZJ3V2BGnwGhSZgqlp0DMSpMxNngGKz5fCJ44XA:1qez84:trfEKoqzJcV6gcVGB9-RGO00AmL9ISTGzSveihlNq5M','2023-09-23 14:40:08.959602'),('clgs4renhko4fadme1yjkpqm9qbg0km7','.eJxVjDsOwjAQBe_iGlm7zjrYlPQ5g7X-4QCypTipEHeHSCmgfTPzXsLxtha39bS4OYqLIHH63TyHR6o7iHeutyZDq-sye7kr8qBdTi2m5_Vw_w4K9_KtkXBQ6JPWI6FKgw0MCo0lG7w9AxrEIWf2JnsA0gm1sgCGIGcEHFm8P6p2NmI:1qZBX4:dsFRVYxQC8WvXj1PPC5_RiMzm1HOMdzxCeViUY7j1as','2023-09-07 14:41:58.282186'),('cnnb4phfy7qs0y6qd4lf6dlobaqn0dge','.eJxVjMEOwiAQRP-FsyHsLi3Vo3e_gWxhkaqhSWlPxn-XJj3obfLmzbyV523Nfquy-CmqiwKnTr9w5PCUsjfxweU-6zCXdZlGvSv6aKu-zVFe18P9O8hcc1sLIffomMMQDAMa6NC0bI2AkCCdJSVHA6LYHqwBihi7hlASOQfq8wX8zzeN:1qdmzV:1qnOxBUhfrfaqnUMt-pb8WfgSM1_-mOVznuGkOKrYgI','2023-09-20 07:30:21.745925'),('cyas90s2gmc8hlaon00d1mdaixpgu48m','.eJxVjMEOwiAQRP-FsyFACywevfcbCLuwtmpKUtqT8d9tkx70Npn3Zt4ipm0d49bKEqcsrkJ7cfktMdGzzAfJjzTfq6Q6r8uE8lDkSZscai6v2-n-HYypjfsagoEMDtEAAneAvQtOZa_2ZJ3V2BGnwGhSZgqlp0DMSpMxNngGKz5fCJ44XA:1qexHe:JJkK0LRP2Hn0m5B0g6Z12oeRs8MMjTKT9HJdd_VcuQI','2023-09-23 12:41:54.047546'),('d5q1bmvawdt1xzrp86bbzm01udery329','.eJxVjEEOwiAQRe_C2pBSGKQu3fcMZJgZpWogKe3KeHfbpAvd_vf-e6uI65Lj2mSOE6uL6kGdfseE9JSyE35guVdNtSzzlPSu6IM2PVaW1_Vw_wIZW97eCQIQnQcfnOebgc4BBRI0JJR6RDTeCVvLsDU9AnbWYBpYnEWbDKvPFyYkOTY:1qfecD:vDIC0KDXT0Zt1JD4A0-fznXwuCQWqLDDSCJf0VnS518','2023-09-25 10:58:01.658316'),('e67linx9r1pw9iyjd4828kvqzfinu2qu','.eJxVjEEOwiAQRe_C2hBgClSX7nsGMsCMVA0kpV0Z765NutDtf-_9lwi4rSVsnZYwZ3ER2ovT7xgxPajuJN-x3ppMra7LHOWuyIN2ObVMz-vh_h0U7OVbK69BaUg4uLNmZ23krC0nRawwWgLwEa3OYJQbeXQqAyfDwJ4o-cGI9wf9Xzgn:1qdkX3:wDCbvMqJNgo_5BcaQSOHnF4yH-xdNjqVAd9fxPLP0Aw','2023-09-20 04:52:49.346020'),('ei6bm0jbada486xw9ui3045msl5rgrys','.eJxVjDsOwjAQBe_iGlm7zjrYlPQ5g7X-4QCypTipEHeHSCmgfTPzXsLxtha39bS4OYqLIHH63TyHR6o7iHeutyZDq-sye7kr8qBdTi2m5_Vw_w4K9_KtkXBQ6JPWI6FKgw0MCo0lG7w9AxrEIWf2JnsA0gm1sgCGIGcEHFm8P6p2NmI:1qZTh0:w9vRWBfC44bR5Ptr8trt_dfwNmbwdI2r8mX2xCbgr6I','2023-09-08 10:05:26.404989'),('ej2byrmmrj96m4rjgeyn4pyj7aux9w4s','.eJxVjDsOwjAQBe_iGlm7zjrYlPQ5g7X-4QCypTipEHeHSCmgfTPzXsLxtha39bS4OYqLIHH63TyHR6o7iHeutyZDq-sye7kr8qBdTi2m5_Vw_w4K9_KtkXBQ6JPWI6FKgw0MCo0lG7w9AxrEIWf2JnsA0gm1sgCGIGcEHFm8P6p2NmI:1qZVkm:POvi3bh0qln2JV6wA6z0Kv23mxV1vAnW1OrRBRWCLOw','2023-09-08 12:17:28.064727'),('f09g8xy5es4bxrgwpxf8lmiu3ftk64o0','.eJxVjEEOwiAURO_C2hAolIJL9z0D-fwPUjWQlHZlvLsl6UJ3k3lv5s087Fv2e4urX4hdmVTs8lsGwGcsndADyr1yrGVbl8C7wk_a-Fwpvm6n-3eQoeW-ds6hsWGQKGXS4kjWJoKUKA0oxgkQtZaGtFAYxgOaqGmKLgiDzir2-QIVTDhG:1qfJkY:fuRAE6RdPt94nJJkrVqKk5USFNtqus_sKb6oSgrQRCE','2023-09-24 12:41:14.928016'),('f6l598vidtq9akpsal0h9huco55m31ta','.eJxVjMEOwiAQRP-FsyHsLi3Vo3e_gWxhkaqhSWlPxn-XJj3obfLmzbyV523Nfquy-CmqiwKnTr9w5PCUsjfxweU-6zCXdZlGvSv6aKu-zVFe18P9O8hcc1sLIffomMMQDAMa6NC0bI2AkCCdJSVHA6LYHqwBihi7hlASOQfq8wX8zzeN:1qdodX:qaZc1Ae4eesN4YzM9Iz4dfH80s74jWuIyO7Aqu797RI','2023-09-20 09:15:47.412901'),('ftn4ifiukclowr4exyeym26xwru1g7ir','.eJxVjMEOwiAQRP-FsyELhQU9evcbyAKLVA1NSnsy_rtt0oOeJpn3Zt4i0LrUsHaew5jFRShx-u0ipSe3HeQHtfsk09SWeYxyV-RBu7xNmV_Xw_07qNTrtvaagQDPW2qNigE0e1-QlFXWM1EyxkIG4wceAG0qzhmbosrFGUQWny-6oTcM:1qYVDj:5o48kO8oKo7UCKeCMsUBG0FArIqRQhdUUhXaFteJBSE','2023-09-05 17:31:11.924161'),('fy3sw9zw34of949jc9p5yd1f3yn3koyp','.eJxVjDsOwjAQBe_iGlm7zjrYlPQ5g7X-4QCypTipEHeHSCmgfTPzXsLxtha39bS4OYqLIHH63TyHR6o7iHeutyZDq-sye7kr8qBdTi2m5_Vw_w4K9_KtkXBQ6JPWI6FKgw0MCo0lG7w9AxrEIWf2JnsA0gm1sgCGIGcEHFm8P6p2NmI:1qaa4d:SQ6sciUfg-mH2LZm2PPtLH21S5hJ6PP_t14wkPJOSQw','2023-09-11 11:06:23.316896'),('gfpt7qb8t14mqcioymavzp89tvz7m9w2','.eJxVjEEOwiAQRe_C2pBSGKQu3fcMZJgZpWogKe3KeHfbpAvd_vf-e6uI65Lj2mSOE6uL6kGdfseE9JSyE35guVdNtSzzlPSu6IM2PVaW1_Vw_wIZW97eCQIQnQcfnOebgc4BBRI0JJR6RDTeCVvLsDU9AnbWYBpYnEWbDKvPFyYkOTY:1qfxSI:fo7u50Qz39njJMngnSKoIG6v1OxP58Heo2eNVo5WNlc','2023-09-26 07:05:02.125016'),('gg2ru5f3ffa7urac8248gg9ipmb2ig3m','.eJxVjEsOAiEQBe_C2hDk04hL956BNN0gowaSYWZlvLtOMgvdvqp6LxFxXWpcR57jxOIstDj8bgnpkdsG-I7t1iX1tsxTkpsidzrktXN-Xnb376DiqN86FAAqDi0rRgpsTIGgiRAMOG-8t4hWK8CjL2wSQPI5KAgqs8OTJ_H-APLBOBI:1qXf3C:QUeNyECHG_rGplKGvYKNaN3egPdoRsnjBIEeOpYKqDY','2023-09-03 09:48:50.424821'),('gh15vunpsm7797l4v1zm9dzz3doue3ea','.eJxVjEEOwiAQRe_C2pCBllJcuvcMZIYZbNVAUtqV8e7apAvd_vfef6mI2zrFrckSZ1Zn5dTpdyNMDyk74DuWW9WplnWZSe-KPmjT18ryvBzu38GEbfrWoe-C6SSIEReAydvRe8yMlB0C0cDZgzA5MzpwPYzJJos2SQIIhgf1_gDsvzgq:1qYaGZ:a5l1BMeAs_f94IZ1Ex1T5pHGJfrGI95C0gUmHugglGc','2023-09-05 22:54:27.736917'),('gpomyl4o7vqw52c37ou67niy76pi7wyt','.eJxVjDsOwyAQBe9CHSFY2wukTO8zoF0-wUmEJWNXUe4eIblI2jcz7y08HXvxR0ubX6K4CrDi8jsyhWeqncQH1fsqw1r3bWHZFXnSJuc1ptftdP8OCrXSa5fdYC3YkAMhGoYQScEYcdIOWTOr0WTrWCGqASgiTTqgQq1BG3Ti8wUIujdI:1qg3YF:XHqOrVvx8t4VhWk9vKqta6lZMhevDFQ-upDohKw5g0E','2023-09-26 13:35:35.984282'),('gunbobtj3xfnmhd5798nn1bj0lwb89kd','.eJxVjMsOwiAQRf-FtSHlMRBcuvcbyAwMUjWQlHZl_Hdt0oVu7znnvkTEba1xG7zEOYuzUF6cfkfC9OC2k3zHdusy9bYuM8ldkQcd8tozPy-H-3dQcdRvrZ3Jzll21pL3Gh0HXbQCYMxU0CpfjMmaIAWeEjgAhZSCCgyGaVLi_QH_JTgC:1qdjr6:GTOgzZbId-jX4u1iSfmZFzMJ8k4VFn0vwTVoXn5_ADk','2023-09-20 04:09:28.021941'),('gvaczbnrpd43zzru65uef2f7snw0ag42','.eJxVjEEOwiAURO_C2hAolIJL9z0D-fwPUjWQlHZlvLsl6UJ3k3lv5s087Fv2e4urX4hdmVTs8lsGwGcsndADyr1yrGVbl8C7wk_a-Fwpvm6n-3eQoeW-ds6hsWGQKGXS4kjWJoKUKA0oxgkQtZaGtFAYxgOaqGmKLgiDzir2-QIVTDhG:1qeFkU:1CaMp1IpH_YmLs4OJjCVsTH5JQMhAaH_NzaT0_sTvRE','2023-09-21 14:12:46.209361'),('h0gxptf34jl250nvjwufn7gspqz2dpqg','.eJxVjMEOwiAQRP-FsyFACywevfcbCLuwtmpKUtqT8d9tkx70Npn3Zt4ipm0d49bKEqcsrkJ7cfktMdGzzAfJjzTfq6Q6r8uE8lDkSZscai6v2-n-HYypjfsagoEMDtEAAneAvQtOZa_2ZJ3V2BGnwGhSZgqlp0DMSpMxNngGKz5fCJ44XA:1qfHLQ:OZDHk2uNnwalzaju4vAqPzZyZZv-lyrygdwmCxUrGFs','2023-09-24 10:07:08.194012'),('h2vd3b2w81z4rx7eb1jjo2mu8japr802','.eJxVjMsOwiAQRf-FtSHlMRBcuvcbyAwMUjWQlHZl_Hdt0oVu7znnvkTEba1xG7zEOYuzUF6cfkfC9OC2k3zHdusy9bYuM8ldkQcd8tozPy-H-3dQcdRvrZ3Jzll21pL3Gh0HXbQCYMxU0CpfjMmaIAWeEjgAhZSCCgyGaVLi_QH_JTgC:1qdjq9:DuUEPnafiB0p3_WYATGe6mjwzO2iNXw0zPXApxIwq_0','2023-09-20 04:08:29.116446'),('hdujas00993t9w1clii9v11jejp7fcd5','.eJxVjDsOwjAQBe_iGlm7zjrYlPQ5g7X-4QCypTipEHeHSCmgfTPzXsLxtha39bS4OYqLIHH63TyHR6o7iHeutyZDq-sye7kr8qBdTi2m5_Vw_w4K9_KtkXBQ6JPWI6FKgw0MCo0lG7w9AxrEIWf2JnsA0gm1sgCGIGcEHFm8P6p2NmI:1qZFmW:Not9LEj9nFsMVEZGXGday7UcNmwjaOmh1ipxKhMknlE','2023-09-07 19:14:12.504573'),('i4fm24bl0etabw4bi0so9zq2auabwfwq','.eJxVjMEOwiAQRP-FsyFACywevfcbCLuwtmpKUtqT8d9tkx70Npn3Zt4ipm0d49bKEqcsrkJ7cfktMdGzzAfJjzTfq6Q6r8uE8lDkSZscai6v2-n-HYypjfsagoEMDtEAAneAvQtOZa_2ZJ3V2BGnwGhSZgqlp0DMSpMxNngGKz5fCJ44XA:1qfGF6:vwOid3S33DOnYwdBOFUXA_oDKD1GTaJrNCjgkWJE3b4','2023-09-24 08:56:32.983835'),('ibgun5k5ab3szqdnvdr12f5dsjor1liq','.eJxVjDsOwjAQBe_iGlm7zjrYlPQ5g7X-4QCypTipEHeHSCmgfTPzXsLxtha39bS4OYqLIHH63TyHR6o7iHeutyZDq-sye7kr8qBdTi2m5_Vw_w4K9_KtkXBQ6JPWI6FKgw0MCo0lG7w9AxrEIWf2JnsA0gm1sgCGIGcEHFm8P6p2NmI:1qZPNy:XmYXC8G3sEspNJ6BMfq5YEkI1Jbe2UlwnSONciWm-fg','2023-09-08 05:29:30.474988'),('ikbhmm9x2niejgacjoi4h3bxwxdk29z1','.eJxVjDsOwjAQBe_iGlm7zjrYlPQ5g7X-4QCypTipEHeHSCmgfTPzXsLxtha39bS4OYqLIHH63TyHR6o7iHeutyZDq-sye7kr8qBdTi2m5_Vw_w4K9_KtkXBQ6JPWI6FKgw0MCo0lG7w9AxrEIWf2JnsA0gm1sgCGIGcEHFm8P6p2NmI:1qZDVV:k_BE-5M14tRmwWXFwyt5l11yaq4yXnf361elP1LTuzc','2023-09-07 16:48:29.241725'),('iouwbkhppcjggjcepzbdz6k8f6awqapy','.eJxVjDsOwjAQBe_iGlm7zjrYlPQ5g7X-4QCypTipEHeHSCmgfTPzXsLxtha39bS4OYqLIHH63TyHR6o7iHeutyZDq-sye7kr8qBdTi2m5_Vw_w4K9_KtkXBQ6JPWI6FKgw0MCo0lG7w9AxrEIWf2JnsA0gm1sgCGIGcEHFm8P6p2NmI:1qZRQG:-TPDHJFeRhnl7GnmKs2BfeOzmL6tmfMob4zYgMhkDoI','2023-09-08 07:40:00.947254'),('itw40enc0z2hp3mfltq39nb0r8w7o1on','.eJxVjDsOwjAQBe_iGll4418o6XMGa71e4wCypTipEHeHSCmgfTPzXiLgtpawdV7CnMRFwCBOv2NEenDdSbpjvTVJra7LHOWuyIN2ObXEz-vh_h0U7OVbW-SIKjsaKEZDzlLSikFpzxqSMdlbH4dzIss4OjBMxnuwVmk1gs4s3h8pOTg_:1qfeKp:k43_zfe500YlQcwfHmozLi57b6_XoFqVodYOx4Q1hcM','2023-09-25 10:40:03.511579'),('ivl5vtk184oiamldva92eiu3yq69z27l','.eJxVjMsOwiAQRf-FtSFARx4u3fcbyDAMUjU0Ke3K-O_apAvd3nPOfYmI21rj1nmJUxYXoZU4_Y4J6cFtJ_mO7TZLmtu6TEnuijxol-Oc-Xk93L-Dir1-a8cZDGUmbaiYZIHOZIODAjwM1qAKuXivXVApkS4KHQWDGLyztgCCeH8AHoc4bA:1qayCr:tanh-3Ihg1z_JfCLP1uuMW_Wuop30jgv-FsEO2mphUk','2023-09-12 12:52:29.547994'),('j2gl88ny5cyted8kat30s13k89ap7edx','.eJxVjDsOwjAQBe_iGlm7zjrYlPQ5g7X-4QCypTipEHeHSCmgfTPzXsLxtha39bS4OYqLIHH63TyHR6o7iHeutyZDq-sye7kr8qBdTi2m5_Vw_w4K9_KtkXBQ6JPWI6FKgw0MCo0lG7w9AxrEIWf2JnsA0gm1sgCGIGcEHFm8P6p2NmI:1qZDU9:8mYcOPAa-TfRRDxwjw1yWujofSmeUWswfbBrZpvKzhk','2023-09-07 16:47:05.788118'),('jc84lrz374jalmxygacgczv3luhgp0bc','.eJxVjMEOwiAQRP-FsyELhQU9evcbyAKLVA1NSnsy_rtt0oOeJpn3Zt4i0LrUsHaew5jFRShx-u0ipSe3HeQHtfsk09SWeYxyV-RBu7xNmV_Xw_07qNTrtvaagQDPW2qNigE0e1-QlFXWM1EyxkIG4wceAG0qzhmbosrFGUQWny-6oTcM:1qYVKw:OVof5FUyehBOWv_cnpXS6OCrMQXh3ZKNXrHzUMOf2pc','2023-09-05 17:38:38.190516'),('jeld8bc55edcvh3oxhodm5ljstt53uif','.eJxVjMEOwiAQRP-FsyELhQU9evcbyAKLVA1NSnsy_rtt0oOeJpn3Zt4i0LrUsHaew5jFRShx-u0ipSe3HeQHtfsk09SWeYxyV-RBu7xNmV_Xw_07qNTrtvaagQDPW2qNigE0e1-QlFXWM1EyxkIG4wceAG0qzhmbosrFGUQWny-6oTcM:1qYV9j:JHFcaNl2SyPIq2KyeSQO-HZw5u67Ue8GiSpcfPlbUp4','2023-09-05 17:27:03.136245'),('jlu0f479832mnqynk4hywga5xf3labm2','.eJxVjDsOwjAQBe_iGln2xnYSSvqcwXq7NjiAHCmfCnF3iJQC2jcz76UitrXEbclzHJM6K3Lq9Dsy5JHrTtId9TZpmeo6j6x3RR900cOU8vNyuH8HBUv51r1jsGeyDbGVLgDJC1lLuc9GWs7JudTCUEALoAlXeBFnHFlvWDr1_gAd0DiS:1qfeVa:9CwNRGBSAddtYvl98Edyc-7_GbOHwZQ8fL-lP6KwHDs','2023-09-25 10:51:10.357041'),('jtbvo7g5cgs1i6uj8hwjxc4vfqa9mfps','.eJxVjEEOwiAQRe_C2pBSGKQu3fcMZJgZpWogKe3KeHfbpAvd_vf-e6uI65Lj2mSOE6uL6kGdfseE9JSyE35guVdNtSzzlPSu6IM2PVaW1_Vw_wIZW97eCQIQnQcfnOebgc4BBRI0JJR6RDTeCVvLsDU9AnbWYBpYnEWbDKvPFyYkOTY:1qg0PC:CAY0MmOBnESNL-A7YZWG0FHVqv8f5sKtje3GHUnvW7M','2023-09-26 10:14:02.014590'),('jxh1glvl290x34ukewe19jdb3y1bs3je','.eJxVjDsOwjAQBe_iGlnedeIPJX3OYK29Cw6gRIqTCnF3iJQC2jcz76USbWtNW5MljazOCkGdfsdM5SHTTvhO023WZZ7WZcx6V_RBmx5mluflcP8OKrX6rUmAIfbFOIdgBKlHyxaCYPTOO9t1CNF6WwQDB0BEyIEiob-6Egyr9wfTQTaq:1qfe5a:ZYchb5suc55gx1Cgn7644WRcyX1a7f4i-n3c1x7NmM8','2023-09-25 10:24:18.950358'),('kynmgnebzit4myenxieq9xubakn65az5','.eJxVjEEOwiAQRe_C2pBSGKQu3fcMZJgZpWogKe3KeHfbpAvd_vf-e6uI65Lj2mSOE6uL6kGdfseE9JSyE35guVdNtSzzlPSu6IM2PVaW1_Vw_wIZW97eCQIQnQcfnOebgc4BBRI0JJR6RDTeCVvLsDU9AnbWYBpYnEWbDKvPFyYkOTY:1qfwSR:4w11emaeqbzMlep8hjgdDcAnZbn3co7oY17Wd9MI4sg','2023-09-26 06:01:07.754843'),('l9ugwn1rg8ueubk9g8dfygoovkor8j38','.eJxVjDsOwjAQBe_iGlm7zjrYlPQ5g7X-4QCypTipEHeHSCmgfTPzXsLxtha39bS4OYqLIHH63TyHR6o7iHeutyZDq-sye7kr8qBdTi2m5_Vw_w4K9_KtkXBQ6JPWI6FKgw0MCo0lG7w9AxrEIWf2JnsA0gm1sgCGIGcEHFm8P6p2NmI:1qaCQM:8qdkeDArwz9mJcGnWZmKqixb6koLlMclcCwUQieGMuQ','2023-09-10 09:51:14.399815'),('lbcojed6hwzhwnrkt3tmrvp9mu9r3wta','.eJxVjMEOwiAQRP-FsyFACywevfcbCLuwtmpKUtqT8d9tkx70Npn3Zt4ipm0d49bKEqcsrkJ7cfktMdGzzAfJjzTfq6Q6r8uE8lDkSZscai6v2-n-HYypjfsagoEMDtEAAneAvQtOZa_2ZJ3V2BGnwGhSZgqlp0DMSpMxNngGKz5fCJ44XA:1qfIMg:6rpKdED-Uxnbr-KnAJIg6k93T8EWMPu4wvKwtjoQB7Y','2023-09-24 11:12:30.457723'),('lfvrgtur9zhu1pscqrw1cy8q2uuthx2e','.eJxVjDsOwjAQBe_iGlm7zjrYlPQ5g7X-4QCypTipEHeHSCmgfTPzXsLxtha39bS4OYqLIHH63TyHR6o7iHeutyZDq-sye7kr8qBdTi2m5_Vw_w4K9_KtkXBQ6JPWI6FKgw0MCo0lG7w9AxrEIWf2JnsA0gm1sgCGIGcEHFm8P6p2NmI:1qZFzv:5prS8n8GxaVYGr7BYrDCS8XeXC4lCRv6Fw7l5SvhDBg','2023-09-07 19:28:03.111600'),('lh6jw77b7tuslgjb9m6i8mfxp9fq1tq1','.eJxVjMEOwiAQRP-FsyELhQU9evcbyAKLVA1NSnsy_rtt0oOeJpn3Zt4i0LrUsHaew5jFRShx-u0ipSe3HeQHtfsk09SWeYxyV-RBu7xNmV_Xw_07qNTrtvaagQDPW2qNigE0e1-QlFXWM1EyxkIG4wceAG0qzhmbosrFGUQWny-6oTcM:1qYVEa:9y2HJnSIzsN2_zHkkBuaicmZU4O2gCk7ZEceGwDiB5w','2023-09-05 17:32:04.463326'),('m45j03y0ovwi4l1by0qom07kqohss280','.eJxVjDsOwjAQBe_iGlm7zjrYlPQ5g7X-4QCypTipEHeHSCmgfTPzXsLxtha39bS4OYqLIHH63TyHR6o7iHeutyZDq-sye7kr8qBdTi2m5_Vw_w4K9_KtkXBQ6JPWI6FKgw0MCo0lG7w9AxrEIWf2JnsA0gm1sgCGIGcEHFm8P6p2NmI:1qaCYz:4hhBmldXsdcW20JxJTloQJL7GrXR0tyUeck1KJyxhJc','2023-09-10 10:00:09.937445'),('m4f882by1vw304u5amdb9d6nu63xkaph','.eJxVjMEOwiAQRP-FsyFACywevfcbCLuwtmpKUtqT8d9tkx70Npn3Zt4ipm0d49bKEqcsrkJ7cfktMdGzzAfJjzTfq6Q6r8uE8lDkSZscai6v2-n-HYypjfsagoEMDtEAAneAvQtOZa_2ZJ3V2BGnwGhSZgqlp0DMSpMxNngGKz5fCJ44XA:1qfJLB:C5W945hFTSJtgvaB_pszxlv4ovAtXY5-VFWmjnEEB3s','2023-09-24 12:15:01.264291'),('mgga4ou25hhk10ow91oxh1a6ut3a8wlm','.eJxVjMEOwiAQRP-FsyFACywevfcbCLuwtmpKUtqT8d9tkx70Npn3Zt4ipm0d49bKEqcsrkJ7cfktMdGzzAfJjzTfq6Q6r8uE8lDkSZscai6v2-n-HYypjfsagoEMDtEAAneAvQtOZa_2ZJ3V2BGnwGhSZgqlp0DMSpMxNngGKz5fCJ44XA:1qfNJF:8h9rGVwXsxORi3SgrumN1HUqD6rJUKcvFy_RGMHDRw8','2023-09-24 16:29:17.951350'),('mkzc7irzybbtzcj1jh4hbrgs9o94omjg','.eJxVjLsOAiEURP-F2hB5LVxLe7-BXOAiqwaSZbcy_rtssoUW08ycOW_mcVuL3zotfk7swsTETr9lwPikui_pgfXeeGx1XebAd4Qfa-e3luh1Pdg_QcFextsqa1BklXV2RFG4iGAgg9EknCQ7IpU7K6khACJJwGnYnaFoAkFmny8KqTiJ:1qdjcw:N8r_FCkVbg4aPJOScwF4lDy1cl_IEF9i2ae_mON17xk','2023-09-20 03:54:50.834659'),('n73nd7ciukgbqjjap71nty3pflwqdwxw','.eJxVjMEOwiAQRP-FsyHsLi3Vo3e_gWxhkaqhSWlPxn-XJj3obfLmzbyV523Nfquy-CmqiwKnTr9w5PCUsjfxweU-6zCXdZlGvSv6aKu-zVFe18P9O8hcc1sLIffomMMQDAMa6NC0bI2AkCCdJSVHA6LYHqwBihi7hlASOQfq8wX8zzeN:1qea5R:T36LdLKYUXypmpYfxFpI_EJF_cJ45b5frlnMU-0AW80','2023-09-22 11:55:45.931129'),('negvxqphxnw6arjiy900oo4hg9byj9pd','.eJxVjDsOwjAQBe_iGln2xnYSSvqcwXq7NjiAHCmfCnF3iJQC2jcz76UitrXEbclzHJM6K3Lq9Dsy5JHrTtId9TZpmeo6j6x3RR900cOU8vNyuH8HBUv51r1jsGeyDbGVLgDJC1lLuc9GWs7JudTCUEALoAlXeBFnHFlvWDr1_gAd0DiS:1qfeRh:gBxBXLQV_kuOSqlwtoPPFkEiF4Tzf81fXSMffADqQ90','2023-09-25 10:47:09.387558'),('nf3gcy983x6kkas34ae2tpe4eszhehm8','.eJxVjMEOwiAQRP-FsyFACywevfcbCLuwtmpKUtqT8d9tkx70Npn3Zt4ipm0d49bKEqcsrkJ7cfktMdGzzAfJjzTfq6Q6r8uE8lDkSZscai6v2-n-HYypjfsagoEMDtEAAneAvQtOZa_2ZJ3V2BGnwGhSZgqlp0DMSpMxNngGKz5fCJ44XA:1qfLJg:DEJe4IsaFwpf4ww001i8BicAhagiPXcuE7HHGkkZ9zM','2023-09-24 14:21:36.832007'),('npst3vk11hfwleptwhj3he24wcla9fac','.eJxVjMsOwiAQRf-FtSHyBpfu-w1kmAGpGkhKuzL-uzbpQrf3nHNfLMK21riNvMSZ2IXJwE6_YwJ85LYTukO7dY69rcuc-K7wgw4-dcrP6-H-HVQY9Vs7U1IhQQnzGZPQ1gsBxQvpjTVOaiQKoJQIKmiXJQZNWRJZZcA4spK9PxrwOBI:1qfezT:5ltH0NLoNg4_xzXVC02T3A39nCSq0t8rzYx5-NDpmD4','2023-09-25 11:22:03.125521'),('o1xk54y645myacjjyxjvug4g08m8aizj','.eJxVjMEOwiAQRP-FsyELhQU9evcbyAKLVA1NSnsy_rtt0oOeJpn3Zt4i0LrUsHaew5jFRShx-u0ipSe3HeQHtfsk09SWeYxyV-RBu7xNmV_Xw_07qNTrtvaagQDPW2qNigE0e1-QlFXWM1EyxkIG4wceAG0qzhmbosrFGUQWny-6oTcM:1qYVBM:aFhQiD8gS9uZu_7nZ9igRfKJaPz2yOg9oYL20Ln0UQI','2023-09-05 17:28:44.803036'),('o2cmmocsexy1jpknzyuzqpjwrao7zd82','.eJxVjDsOwjAQBe_iGlm7zjrYlPQ5g7X-4QCypTipEHeHSCmgfTPzXsLxtha39bS4OYqLIHH63TyHR6o7iHeutyZDq-sye7kr8qBdTi2m5_Vw_w4K9_KtkXBQ6JPWI6FKgw0MCo0lG7w9AxrEIWf2JnsA0gm1sgCGIGcEHFm8P6p2NmI:1qaA7v:x3k0PB5N-c-BbynZjGRMDHI3LvYkBJ9ebU_gRRLnrNo','2023-09-10 07:24:03.648836'),('oh7wyf9mbmz8onclwtet75pl7mtl04sh','.eJxVjMEOwiAQRP-FsyELhQU9evcbyAKLVA1NSnsy_rtt0oOeJpn3Zt4i0LrUsHaew5jFRShx-u0ipSe3HeQHtfsk09SWeYxyV-RBu7xNmV_Xw_07qNTrtvaagQDPW2qNigE0e1-QlFXWM1EyxkIG4wceAG0qzhmbosrFGUQWny-6oTcM:1qYV4I:OUfFRBUyAQuevzMF0VYJHzF-FORfb45MWsl-2XgwAMY','2023-09-05 17:21:26.707660'),('okz358wpuftqzub7ri9tjyzcgsa7fowj','.eJxVjEEOwiAQRe_C2hBaoIMu3fcMZJgBqRpISrsy3l1JutDtf-_9l_C4b9nvLa5-YXERIE6_W0B6xNIB37HcqqRatnUJsivyoE3OlePzerh_Bxlb7jUEVgkw4sQDGxN0AoeKDBtn7Jn0wMDBsUWlRtQQiBR8vYnJ6mRH8f4ADFk4hw:1qZWM8:byte5CeYoBNqWmOmnkx1UcWQ8yuCkJngJWXvb3-1dRU','2023-09-08 12:56:04.036710'),('olwe2390xav1b5yrbuoyetlsw5aih47g','.eJxVjDsOgzAQRO_iOrKwF-PdlOk5g7X-xSSRkTBUUe4ekCiSaqR5b-YtHG9rcVtLi5uiuAplxeW39ByeqR4kPrjeZxnmui6Tl4ciT9rkOMf0up3u30HhVvY1-BwyWkKjwsBkLbHJvdewB3DUoDtA1pEUQwDUaMij4s73dgAkFJ8vBRc3Ww:1qea9p:7aAbH3szml3rz_3FgUrHd60NvENuSTprsWQJYQHDa2c','2023-09-22 12:00:17.385785'),('oqndnaenea4v5uryae94l1drat6yojv5','.eJxVjDsOwyAQBe9CHSFY2wukTO8zoF0-wUmEJWNXUe4eIblI2jcz7y08HXvxR0ubX6K4CrDi8jsyhWeqncQH1fsqw1r3bWHZFXnSJuc1ptftdP8OCrXSa5fdYC3YkAMhGoYQScEYcdIOWTOr0WTrWCGqASgiTTqgQq1BG3Ti8wUIujdI:1qfepK:UAluljQF5DfPIBVzc3-nDVUcIy9Mv1e-rr39BkBubtY','2023-09-25 11:11:34.284035'),('p2fbbt7onmouj00lgm241xu2wepyc0da','.eJxVjMEOwiAQRP-FsyFACywevfcbCLuwtmpKUtqT8d9tkx70Npn3Zt4ipm0d49bKEqcsrkJ7cfktMdGzzAfJjzTfq6Q6r8uE8lDkSZscai6v2-n-HYypjfsagoEMDtEAAneAvQtOZa_2ZJ3V2BGnwGhSZgqlp0DMSpMxNngGKz5fCJ44XA:1qeqwH:1ErmI1p5D0GcKLd57ij2TZmLiUkuEpHqeUENo3b5Fhk','2023-09-23 05:55:25.319852'),('pi93a9qhibrxliy5iydmm6z4bzepjbq4','.eJxVjDsOwjAQBe_iGlm7zjrYlPQ5g7X-4QCypTipEHeHSCmgfTPzXsLxtha39bS4OYqLIHH63TyHR6o7iHeutyZDq-sye7kr8qBdTi2m5_Vw_w4K9_KtkXBQ6JPWI6FKgw0MCo0lG7w9AxrEIWf2JnsA0gm1sgCGIGcEHFm8P6p2NmI:1qZTUo:LB4XFDevFvXjv-VBTNejRRS_3UIcTozGr4og2y1iWm8','2023-09-08 09:52:50.947450'),('pjkmsxwq4jd4xtj38dhebq5fuohd19i1','.eJxVjMEOwiAQRP-FsyELhQU9evcbyAKLVA1NSnsy_rtt0oOeJpn3Zt4i0LrUsHaew5jFRShx-u0ipSe3HeQHtfsk09SWeYxyV-RBu7xNmV_Xw_07qNTrtvaagQDPW2qNigE0e1-QlFXWM1EyxkIG4wceAG0qzhmbosrFGUQWny-6oTcM:1qYV9j:JHFcaNl2SyPIq2KyeSQO-HZw5u67Ue8GiSpcfPlbUp4','2023-09-05 17:27:03.463568'),('pk62hlcr322ur7s4hkde5zn1epp5mio2','.eJxVjEEOwiAQRe_C2hBgClSX7nsGMsCMVA0kpV0Z765NutDtf-_9lwi4rSVsnZYwZ3ER2ovT7xgxPajuJN-x3ppMra7LHOWuyIN2ObVMz-vh_h0U7OVbK69BaUg4uLNmZ23krC0nRawwWgLwEa3OYJQbeXQqAyfDwJ4o-cGI9wf9Xzgn:1qdkNA:uO86dT5_WATWQSzOeTwbEFmsH0w8NFGHQf6Q2wGZxZ8','2023-09-20 04:42:36.189631'),('pkyh59kq20trfbt5ioprl4r0wximaktn','.eJxVjDsOwyAQBe9CHSFY2wukTO8zoF0-wUmEJWNXUe4eIblI2jcz7y08HXvxR0ubX6K4CrDi8jsyhWeqncQH1fsqw1r3bWHZFXnSJuc1ptftdP8OCrXSa5fdYC3YkAMhGoYQScEYcdIOWTOr0WTrWCGqASgiTTqgQq1BG3Ti8wUIujdI:1qg2Ve:q0dGFE9QENunm9rHdAyaT-W0MzqvHvyTi83UxVGh4qo','2023-09-26 12:28:50.976917'),('pp1slu34b3mwdxf51fceh33mrullzlzu','.eJxVjMEOwiAQRP-FsyHsLi3Vo3e_gWxhkaqhSWlPxn-XJj3obfLmzbyV523Nfquy-CmqiwKnTr9w5PCUsjfxweU-6zCXdZlGvSv6aKu-zVFe18P9O8hcc1sLIffomMMQDAMa6NC0bI2AkCCdJSVHA6LYHqwBihi7hlASOQfq8wX8zzeN:1qeGaU:N6u6OLao0rqnDlb9xFr4r36iuW2bxrgjKdwphA3DIdA','2023-09-21 15:06:30.714793'),('q4dswhyrl1c6n9nzuntk4abp6woyndo1','.eJxVjEEOwiAQRe_C2pBSGKQu3fcMZJgZpWogKe3KeHfbpAvd_vf-e6uI65Lj2mSOE6uL6kGdfseE9JSyE35guVdNtSzzlPSu6IM2PVaW1_Vw_wIZW97eCQIQnQcfnOebgc4BBRI0JJR6RDTeCVvLsDU9AnbWYBpYnEWbDKvPFyYkOTY:1qg4Fp:292xSS4q7tC63-ztb6yTfinMPgFnztmpR-_z_R3HUIg','2023-09-26 14:20:37.820175'),('qcwrodaemreurg8t28eqeegvspbbxh70','.eJxVjMEOwiAQRP-FsyFACywevfcbCLuwtmpKUtqT8d9tkx70Npn3Zt4ipm0d49bKEqcsrkJ7cfktMdGzzAfJjzTfq6Q6r8uE8lDkSZscai6v2-n-HYypjfsagoEMDtEAAneAvQtOZa_2ZJ3V2BGnwGhSZgqlp0DMSpMxNngGKz5fCJ44XA:1qeqvL:zhdjKFNqtj8kvdjCEEIrCN_EBWyQx7VHzRRYTznaNLg','2023-09-23 05:54:27.725362'),('qmbg4kq200rck0jkv722xo4eecd8j8uu','.eJxVjDsOwjAQBe_iGlm7zjrYlPQ5g7X-4QCypTipEHeHSCmgfTPzXsLxtha39bS4OYqLIHH63TyHR6o7iHeutyZDq-sye7kr8qBdTi2m5_Vw_w4K9_KtkXBQ6JPWI6FKgw0MCo0lG7w9AxrEIWf2JnsA0gm1sgCGIGcEHFm8P6p2NmI:1qZDNS:Crl_r1U1RyhoEghOcDd3tpRIR-4jT7Njsl1QRsxduQA','2023-09-07 16:40:10.403661'),('rk25ogrp3tq2f2gi42dmxx3weohxkyso','.eJxVjMEOwiAQRP-FsyELhQU9evcbyAKLVA1NSnsy_rtt0oOeJpn3Zt4i0LrUsHaew5jFRShx-u0ipSe3HeQHtfsk09SWeYxyV-RBu7xNmV_Xw_07qNTrtvaagQDPW2qNigE0e1-QlFXWM1EyxkIG4wceAG0qzhmbosrFGUQWny-6oTcM:1qYTwO:LOofL35hntr_8iE1YgiIgzDQjWili-OqtuPSvkhIx2w','2023-09-05 16:09:12.871088'),('rm2z6p7siub4ho64pu43kxdsw5wmwmas','.eJxVjEEOwiAQRe_C2pBSGKQu3fcMZJgZpWogKe3KeHfbpAvd_vf-e6uI65Lj2mSOE6uL6kGdfseE9JSyE35guVdNtSzzlPSu6IM2PVaW1_Vw_wIZW97eCQIQnQcfnOebgc4BBRI0JJR6RDTeCVvLsDU9AnbWYBpYnEWbDKvPFyYkOTY:1qfuT0:U5qHA1FeqrncPdOaadIZ8JO2jJaqitDLNfAM-h4FZuQ','2023-09-26 03:53:34.744064'),('rq7xg4hxe37d4poyc8i1ejgrmvgx72r2','.eJxVjMEOwiAQRP-FsyHsLi3Vo3e_gWxhkaqhSWlPxn-XJj3obfLmzbyV523Nfquy-CmqiwKnTr9w5PCUsjfxweU-6zCXdZlGvSv6aKu-zVFe18P9O8hcc1sLIffomMMQDAMa6NC0bI2AkCCdJSVHA6LYHqwBihi7hlASOQfq8wX8zzeN:1qdsyz:--GrdVChRwEoeRicyEQzJbvP1C6T-ohW-YhiHeV9h3Q','2023-09-20 13:54:13.820166'),('rwt1sk7nmdtwdvm3gyp01jdqqe58g9jr','.eJxVjEEOwiAQRe_C2pBSGKQu3fcMZJgZpWogKe3KeHfbpAvd_vf-e6uI65Lj2mSOE6uL6kGdfseE9JSyE35guVdNtSzzlPSu6IM2PVaW1_Vw_wIZW97eCQIQnQcfnOebgc4BBRI0JJR6RDTeCVvLsDU9AnbWYBpYnEWbDKvPFyYkOTY:1qfhvw:1dnvmxK06w8c9JKXqmoYcdIkAODfUVRBZTGYwTt6gp4','2023-09-25 14:30:36.910728'),('rxxei8zl9fyaoh2gyztbg7pg2c0aee9v','.eJxVjEEOwiAQRe_C2hAYioBL9z1DMwyDVA0kpV0Z765NutDtf-_9l5hwW8u0dV6mOYmL0CBOv2NEenDdSbpjvTVJra7LHOWuyIN2ObbEz-vh_h0U7OVbs3XeMLGO3pNVNiFlJJ85R_DO5HNAFxSaEEBrp8BaAEekB6cHUAnF-wMc5DfV:1qd3hP:VMcJWcP5StX43zTdI4D_V0KXOS_ea32I1zow2PedXPw','2023-09-18 07:08:39.572434'),('slkxni2gxefd63i1fccdcjoh86618glx','.eJxVjMEOwiAQRP-FsyELhQU9evcbyAKLVA1NSnsy_rtt0oOeJpn3Zt4i0LrUsHaew5jFRShx-u0ipSe3HeQHtfsk09SWeYxyV-RBu7xNmV_Xw_07qNTrtvaagQDPW2qNigE0e1-QlFXWM1EyxkIG4wceAG0qzhmbosrFGUQWny-6oTcM:1qYUbf:pIJCqhinB4Gwzkwbrycxabygc2lfPrBcXnDlY5VxV1E','2023-09-05 16:51:51.718859'),('snsairlowyry5fpwyh9vxkg5vyldwajr','.eJxVjMEOwiAQRP-FsyFACywevfcbCLuwtmpKUtqT8d9tkx70Npn3Zt4ipm0d49bKEqcsrkJ7cfktMdGzzAfJjzTfq6Q6r8uE8lDkSZscai6v2-n-HYypjfsagoEMDtEAAneAvQtOZa_2ZJ3V2BGnwGhSZgqlp0DMSpMxNngGKz5fCJ44XA:1qfMG5:v0UV95PuWE5rGNsvKvp8YEoE5qsGgyvWGVZPF_V3VC0','2023-09-24 15:21:57.590466'),('ssq4dl0qhrxenn734bn07squa3u3ixus','.eJxVjEEOwiAQRe_C2pBSGKQu3fcMZJgZpWogKe3KeHfbpAvd_vf-e6uI65Lj2mSOE6uL6kGdfseE9JSyE35guVdNtSzzlPSu6IM2PVaW1_Vw_wIZW97eCQIQnQcfnOebgc4BBRI0JJR6RDTeCVvLsDU9AnbWYBpYnEWbDKvPFyYkOTY:1qftFQ:SREIdIp1d6EWBDJN47tjl3FdvKkKAx4nbQOBno3Chm0','2023-09-26 02:35:28.707564'),('t6tcgouh3hhokofjk1ocjd2fgoqh67ox','.eJxVjMEOwiAQRP-FsyHsLi3Vo3e_gWxhkaqhSWlPxn-XJj3obfLmzbyV523Nfquy-CmqiwKnTr9w5PCUsjfxweU-6zCXdZlGvSv6aKu-zVFe18P9O8hcc1sLIffomMMQDAMa6NC0bI2AkCCdJSVHA6LYHqwBihi7hlASOQfq8wX8zzeN:1qe3gf:3qrHCoOfgm-oomGdygnIDosxasDHrXL67sdl-Pap7GE','2023-09-21 01:20:01.169175'),('tgitl3mbu75yrdjq1edm25g8esh3kmz4','.eJxVjMsOwiAQRf-FtSFApzxcuvcbyEwHpGogKe3K-O_apAvd3nPOfYmI21ri1tMSZxZnoZ04_Y6E0yPVnfAd663JqdV1mUnuijxol9fG6Xk53L-Dgr18a1QJkgeFCgJn0obGEJR12iGTcUYBkBrMAJDRau-BOE_ZJu2zNW5k8f4A9tQ3nw:1qdjtv:cusrEFg7qD81XDZlpW7Gea6JFXAgZKkG1pbgqKon3kU','2023-09-20 04:12:23.425559'),('tq4t34i2u8wxduv69jhoq57p23wv3cl9','.eJxVjDsOwjAQRO_iGlm7_sWhpOcMlr1ecADZUpxUiLuTSCmgGmnem3mLENelhLXzHKYszsKJ02-XIj257iA_Yr03Sa0u85TkrsiDdnltmV-Xw_07KLGXba1tYoc-K5tHUEios0FHt4EURGCtDEZDaNIWANYCI3hGHgyPyRsvPl_HLDbt:1qZRRE:hvP4caVGsh9t4LJfy58ZJMmXcvKFmXvgRFrDIjwMLOI','2023-09-08 07:41:00.708805'),('twzruk7w04yvr8oe08yw0amy9cnqyrec','.eJxVzM0OwiAQBOB34WwIlZ9Sj959BrK7LFI1kJT2ZHx3adKDXme-mbcIsK05bI2XMEdxEV6cfjMEenLZi_iAcq-SalmXGeVO5NE2eauRX9fD_h1kaLmvOVnvmEbrlAdjAMhoHBKxTs4zJjtZUtpMmBwYxu6YOx_ORhGSH8XnCwiaONc:1qaetT:eIMgY5rIi8r9ZQZsJRfAdBu31TPJN1ADGtfpZPeksD8','2023-09-11 16:15:11.160514'),('txxv2l2p70wovjg8sbljyvwr4gbe1ae5','.eJxVjEEOwiAQAP_C2ZAu0AU8eu8byAKLVE2blPZk_Lsh6UGvM5N5i0DHXsPReAtzFlcBVlx-YaT05KWb_KDlvsq0Lvs2R9kTedompzXz63a2f4NKrfavQgcekQyzjsWPXEyyyaMpCtFGYOWAteEU81C4jJqBBkCnSQNqEJ8vBcQ32w:1qdjkU:rxg0KXObykt2x28FhFi2uOOHdWe3Ku7GjNUm-hPfY58','2023-09-20 04:02:38.067025'),('v85dc9u1975q2dpp0swf6rjxuiie7ud0','.eJxVjMEOwiAQRP-FsyFACywevfcbCLuwtmpKUtqT8d9tkx70Npn3Zt4ipm0d49bKEqcsrkJ7cfktMdGzzAfJjzTfq6Q6r8uE8lDkSZscai6v2-n-HYypjfsagoEMDtEAAneAvQtOZa_2ZJ3V2BGnwGhSZgqlp0DMSpMxNngGKz5fCJ44XA:1qerbB:WRNhvLoY7BF7IHkaHdDgGPoJ_lR54QrYbmWb5Eto1Ms','2023-09-23 06:37:41.997959'),('vbokmgt3hwnku0zf25uz3cdjgcal9wg2','.eJxVjEEOwiAQRe_C2hBK6SAu3fcMZIYZpGpoUtqV8e7apAvd_vfef6mI21ri1mSJE6uL6tXpdyNMD6k74DvW26zTXNdlIr0r-qBNjzPL83q4fwcFW_nWJljAwUMCctmdU0Dg3Hmg0JNn8dZlY5zrhEEkEGMy1g6uA-t9MP2g3h_buzdM:1qYVsv:ENyVq5JZw_3lErNLuGs4s8ItMYgYDf4OYgWsQY5eQWk','2023-09-05 18:13:45.398727'),('vpuxxruz0x11n3xy66w7s879eo51ond9','.eJxVjMEOwiAQRP-FsyFACywevfcbCLuwtmpKUtqT8d9tkx70Npn3Zt4ipm0d49bKEqcsrkJ7cfktMdGzzAfJjzTfq6Q6r8uE8lDkSZscai6v2-n-HYypjfsagoEMDtEAAneAvQtOZa_2ZJ3V2BGnwGhSZgqlp0DMSpMxNngGKz5fCJ44XA:1qfFBy:CCuEvH8_3LZLtwGWRzNY3VPSe0CEtFrnpCdWMiFqqdw','2023-09-24 07:49:14.526832'),('vtgfw9qjt0lb8xw858a6va1vjmtlhebl','.eJxVjDsOwjAQBe_iGlm7zjrYlPQ5g7X-4QCypTipEHeHSCmgfTPzXsLxtha39bS4OYqLIHH63TyHR6o7iHeutyZDq-sye7kr8qBdTi2m5_Vw_w4K9_KtkXBQ6JPWI6FKgw0MCo0lG7w9AxrEIWf2JnsA0gm1sgCGIGcEHFm8P6p2NmI:1qZTXW:P3Yy0T8jbO8bK9rC4fl0UwEmoLv807s6z5pFw0bk_7I','2023-09-08 09:55:38.489399'),('wewg8it80jrp9h7fedgfgodpgufdvdk1','.eJxVjDsOwjAQBe_iGll4418o6XMGa71e4wCypTipEHeHSCmgfTPzXiLgtpawdV7CnMRFwCBOv2NEenDdSbpjvTVJra7LHOWuyIN2ObXEz-vh_h0U7OVbW-SIKjsaKEZDzlLSikFpzxqSMdlbH4dzIss4OjBMxnuwVmk1gs4s3h8pOTg_:1qfeiI:iwLMA_JGzAoMorlz2LHptumFaS_eAjN01v9MnESV3gY','2023-09-25 11:04:18.398114'),('wi4ufcza9m3gfv6gvgfvwd2jiqpzgold','.eJxVjDsOwjAQBe_iGlm7zjrYlPQ5g7X-4QCypTipEHeHSCmgfTPzXsLxtha39bS4OYqLIHH63TyHR6o7iHeutyZDq-sye7kr8qBdTi2m5_Vw_w4K9_KtkXBQ6JPWI6FKgw0MCo0lG7w9AxrEIWf2JnsA0gm1sgCGIGcEHFm8P6p2NmI:1qabWQ:physLa-iZNwIYDsfarAYnqEI-aoFtwk_VXpgA_7Fyvw','2023-09-11 12:39:10.749516'),('wt8kc7klrau3cmnf7vkhr5gs6we4zzqi','.eJxVjEEOwiAQRe_C2hCYAhWX7j0DYQZGqgaS0q6Md7dNutDtf--_twhxXUpYe57DlMRFGHH63TDSM9cdpEes9yap1WWeUO6KPGiXt5by63q4f4ESe9nebgRFrAZFyKAya62T9xbQAgEnJutg9J4HMzhLxlDe2pYj8pmZUYvPF-XeOL8:1qc47u:kYJcYuQo0T5fAWnwYF-L6pEptCekAsG73i7rtsuTnik','2023-09-15 13:23:54.720197'),('xf2kktusc4iyxv39nvkux6ya3nrb5jku','.eJxVjDsOwyAQBe9CHSFY2wukTO8zoF0-wUmEJWNXUe4eIblI2jcz7y08HXvxR0ubX6K4CrDi8jsyhWeqncQH1fsqw1r3bWHZFXnSJuc1ptftdP8OCrXSa5fdYC3YkAMhGoYQScEYcdIOWTOr0WTrWCGqASgiTTqgQq1BG3Ti8wUIujdI:1qfffA:P5PSLWULFvTdDHDZYz9PGVZkEvL5GCo2DvAouFfq-mI','2023-09-25 12:05:08.129594'),('xf9qeyd8t8hwggisrc5741pviojd1fo7','.eJxVjMEOwiAQRP-FsyELhQU9evcbyAKLVA1NSnsy_rtt0oOeJpn3Zt4i0LrUsHaew5jFRShx-u0ipSe3HeQHtfsk09SWeYxyV-RBu7xNmV_Xw_07qNTrtvaagQDPW2qNigE0e1-QlFXWM1EyxkIG4wceAG0qzhmbosrFGUQWny-6oTcM:1qXdpU:Kt2LnymEqzqDQ-yYx5fJanZTTllrogU39E01vZqwPGg','2023-09-03 08:30:36.777905'),('y146lmh2wvbaqouemayz0nu1e31tvows','.eJxVjEEOwiAQRe_C2pAplMK4dO8ZyMxApWpoUtqV8e7apAvd_vfef6lI21ri1vISp6TOqkN1-h2Z5JHrTtKd6m3WMtd1mVjvij5o09c55eflcP8OCrXyrQUDgxXGAOQMYRbOLAFGHGnwYLHLgayFQSw67x0Y6a3rxRmfDAKo9wcUtDd5:1qfe0H:LHjUwwMT0-J5LioT8BsBcBGQ8HcCdMHk9qHf__iHd5o','2023-09-25 10:18:49.408578'),('y2fip1c3kvv1cs29ec6mpviui1hylww4','.eJxVjEEOwiAQRe_C2hCYAhWX7j0DYQZGqgaS0q6Md7dNutDtf--_twhxXUpYe57DlMRFGHH63TDSM9cdpEes9yap1WWeUO6KPGiXt5by63q4f4ESe9nebgRFrAZFyKAya62T9xbQAgEnJutg9J4HMzhLxlDe2pYj8pmZUYvPF-XeOL8:1qbstf:kAuiccqjiI1QSMG0Uk5kbppSRn_eBQGPniQmN-Uczr0','2023-09-15 01:24:27.942436'),('yc8lr8xdni2k5p3zf5ax89mv3yw0e1tc','.eJxVjEsOAiEQBe_C2hDk04hL956BNN0gowaSYWZlvLtOMgvdvqp6LxFxXWpcR57jxOIstDj8bgnpkdsG-I7t1iX1tsxTkpsidzrktXN-Xnb376DiqN86FAAqDi0rRgpsTIGgiRAMOG-8t4hWK8CjL2wSQPI5KAgqs8OTJ_H-APLBOBI:1qdWfl:Q1erHHcRiiZHiXaWUGE-hY4NKPJ0Pm1HBoSYhtGu9xg','2023-09-19 14:04:53.867796'),('yhkl7yu5zxvbvlser0mbo5wq7v7iy7if','.eJxVjMEOwiAQRP-FsyELhQU9evcbyAKLVA1NSnsy_rtt0oOeJpn3Zt4i0LrUsHaew5jFRShx-u0ipSe3HeQHtfsk09SWeYxyV-RBu7xNmV_Xw_07qNTrtvaagQDPW2qNigE0e1-QlFXWM1EyxkIG4wceAG0qzhmbosrFGUQWny-6oTcM:1qYVJJ:Ffu68s8eP8tG34eiccA4vgrfp2O49_RqhJ2RSoeazJ4','2023-09-05 17:36:57.308967'),('yhn4g5dg2nrwlslw0assakvs6ct8dkea','.eJxVjEEOwiAQRe_C2pBSGKQu3fcMZJgZpWogKe3KeHfbpAvd_vf-e6uI65Lj2mSOE6uL6kGdfseE9JSyE35guVdNtSzzlPSu6IM2PVaW1_Vw_wIZW97eCQIQnQcfnOebgc4BBRI0JJR6RDTeCVvLsDU9AnbWYBpYnEWbDKvPFyYkOTY:1qfkot:0EJdfAEHP0zD7X2Z7ufu49hTEax0E-aEFSuD9og2ZL4','2023-09-25 17:35:31.280917'),('yn6nr50pmph0wf9ntggze8ggt0n63ufy','.eJxVjMEOwiAQRP-FsyHsLi3Vo3e_gWxhkaqhSWlPxn-XJj3obfLmzbyV523Nfquy-CmqiwKnTr9w5PCUsjfxweU-6zCXdZlGvSv6aKu-zVFe18P9O8hcc1sLIffomMMQDAMa6NC0bI2AkCCdJSVHA6LYHqwBihi7hlASOQfq8wX8zzeN:1qeUBL:cUnkXG9tLWc5DWimnjOIr-nWD53jxZCxBfn0OeH74ZU','2023-09-22 05:37:27.955499'),('ys0zto58m33rnbv0iwwbbprq3ikaw5ug','.eJxVjDsOwjAQBe_iGlm7zjrYlPQ5g7X-4QCypTipEHeHSCmgfTPzXsLxtha39bS4OYqLIHH63TyHR6o7iHeutyZDq-sye7kr8qBdTi2m5_Vw_w4K9_KtkXBQ6JPWI6FKgw0MCo0lG7w9AxrEIWf2JnsA0gm1sgCGIGcEHFm8P6p2NmI:1qZRQj:6IffCi1tYlKXKimLAmMJ7nl8L5OYBCbTuUTJ7peqK_E','2023-09-08 07:40:29.246300'),('ys13d1e8iq4sxvbr0i5ukxhuls19cosu','.eJxVjMEOwiAQRP-FsyFACywevfcbCLuwtmpKUtqT8d9tkx70Npn3Zt4ipm0d49bKEqcsrkJ7cfktMdGzzAfJjzTfq6Q6r8uE8lDkSZscai6v2-n-HYypjfsagoEMDtEAAneAvQtOZa_2ZJ3V2BGnwGhSZgqlp0DMSpMxNngGKz5fCJ44XA:1qee6E:plE-OiVruXo5Nq88g3OqtVugpGlvHdC73oYTfsA_bec','2023-09-22 16:12:50.797136'),('zb3mzxzzxtvop76lrg0qa8i8k5btqdgg','.eJxVjEEOwiAURO_C2hAolIJL9z0D-fwPUjWQlHZlvLsl6UJ3k3lv5s087Fv2e4urX4hdmVTs8lsGwGcsndADyr1yrGVbl8C7wk_a-Fwpvm6n-3eQoeW-ds6hsWGQKGXS4kjWJoKUKA0oxgkQtZaGtFAYxgOaqGmKLgiDzir2-QIVTDhG:1qfLos:2Z2ehoqgyb6j0P5CefI7PQ67fQ_chHXgNr-TaZSyju8','2023-09-24 14:53:50.367450'),('ztwlogzj851u9us669p93g4tgthnob2p','.eJxVjEEOwiAQRe_C2hCgMIBL956BDMNEqgaS0q6Md9cmXej2v_f-SyTc1pq2wUuaizgL7cTpd8xID247KXdsty6pt3WZs9wVedAhr73w83K4fwcVR_3WwUak4ian_aTJEoBnMAoDcIgExMZyNkEZ60pU7N3kDVsfAJ0FHVC8P-ovNvw:1qdBiL:AgYId-JNjeyzdDfp5AwlvOmw3yXWyYxO4HoVdzs_m7M','2023-09-18 15:42:09.863330');
/*!40000 ALTER TABLE `django_session` ENABLE KEYS */;
UNLOCK TABLES;

--
-- Table structure for table `login_and_slogin_usertable`
--

DROP TABLE IF EXISTS `login_and_slogin_usertable`;
/*!40101 SET @saved_cs_client     = @@character_set_client */;
/*!50503 SET character_set_client = utf8mb4 */;
CREATE TABLE `login_and_slogin_usertable` (
  `id` bigint NOT NULL AUTO_INCREMENT,
  `age` int DEFAULT NULL,
  `sex` varchar(2) DEFAULT NULL,
  `date_joined` datetime(6) NOT NULL,
  `email` varchar(254) NOT NULL,
  `first_name` varchar(150) NOT NULL,
  `is_active` tinyint(1) NOT NULL,
  `is_staff` tinyint(1) NOT NULL,
  `is_superuser` tinyint(1) NOT NULL,
  `last_login` datetime(6) DEFAULT NULL,
  `last_name` varchar(150) NOT NULL,
  `password` varchar(128) NOT NULL,
  `username` varchar(150) NOT NULL,
  PRIMARY KEY (`id`),
  UNIQUE KEY `username` (`username`)
) ENGINE=InnoDB AUTO_INCREMENT=30 DEFAULT CHARSET=utf8mb4 COLLATE=utf8mb4_0900_ai_ci;
/*!40101 SET character_set_client = @saved_cs_client */;

--
-- Dumping data for table `login_and_slogin_usertable`
--

LOCK TABLES `login_and_slogin_usertable` WRITE;
/*!40000 ALTER TABLE `login_and_slogin_usertable` DISABLE KEYS */;
INSERT INTO `login_and_slogin_usertable` VALUES (2,NULL,NULL,'2023-08-20 09:48:38.814829','','',1,1,1,'2023-09-05 14:04:53.865802','','pbkdf2_sha256$600000$yB7o29ZXluu66WPED4SPx0$psKo4ghOKXq13TIlzwJzEVE5gMttO6thqrCFrtg81js=','admin'),(17,20,'男','2023-09-06 04:02:30.080375','','',1,0,0,'2023-09-11 10:13:43.426385','','pbkdf2_sha256$600000$C7Nju25o35PHkak0ZK529q$gb2X+/0VLB2Fj0EtnhnZwbDhkMvV1hWthNBpTpcp1RQ=','无羡'),(18,15,'女','2023-09-07 14:14:34.931252','','',1,0,0,'2023-09-07 14:14:45.230750','','pbkdf2_sha256$600000$xIfoxxvnutedPemeb9xVYa$iyMNkW29oW0/ZTHbPRX4z2jYAK51x6CqDT6AUHXjJ5k=','eeee'),(19,13,'男','2023-09-11 10:18:35.567851','','',1,0,0,'2023-09-11 10:18:49.405584','','pbkdf2_sha256$600000$Hq1ifbCov8Q4CLxI8DNQ7b$0SW4Og5A69OPm7lTAflW4W+szcOmWODwC9oc23sNoMg=','一个人的旅行'),(21,17,'女','2023-09-11 10:24:07.340999','','',1,0,0,'2023-09-11 10:24:18.947368','','pbkdf2_sha256$600000$n8NAb4txchbzaZoEHxmk6B$I1sap5URLXxlTd8S0tkD4xKlYCjxA/NOg+qyRNT07+E=','生活的高手'),(23,18,'男','2023-09-11 10:39:49.892930','','',1,0,0,'2023-09-11 11:04:18.395122','','pbkdf2_sha256$600000$lWePjSeQRKk2pVGYYwlYzt$o8gKrimZvM5p+Ts6Gqk+qNZKRwh9gh90qNddjw9KUdI=','里踪'),(24,18,'女','2023-09-11 10:46:00.000000','','',1,0,0,'2023-09-11 10:51:10.354049','','pbkdf2_sha256$600000$vO6sqJwo4gkWPDJwNtOCIf$iYGd9sVMbSZBr+Y2EC79t1mq1uIGufCx9w3PVuACRJQ=','流转'),(25,23,'女','2023-09-11 10:57:43.838274','','',1,0,0,'2023-09-12 14:20:37.809204','','pbkdf2_sha256$600000$4tDXIlwfXz6o6ZKS4kpPak$3PXTPqnF0xQENBGPp6JPTv/i7uoBeEh3WKJBMo7zKRw=','一只大熊猫'),(27,20,'男','2023-09-11 11:01:04.780579','','',1,0,0,'2023-09-11 11:01:16.632736','','pbkdf2_sha256$600000$9mUwsyS24q7RpX0HqOyvPo$2LOZSAUsRS4PxuSIgIk1/X++rxcmIJrkOLiJehXWrww=','在路上'),(28,35,'女','2023-09-11 11:11:19.398372','','',1,0,0,'2023-09-12 13:35:35.980293','','pbkdf2_sha256$600000$T8lXfnURtJfmQw4WI5n9pY$Ja6fW05THxEhwKqlfd25jsiEcYzUjD0M9Le/uplT3MY=','美丽的格桑花'),(29,22,'男','2023-09-11 11:21:42.799411','','',1,0,0,'2023-09-11 11:22:03.123526','','pbkdf2_sha256$600000$Ihn1Z71l0Yef0wI8nTsKBp$emWAhPEdlmfWO4XjmQNFie+0PfVUzLmLAkPO2rzuu6I=','O泡果奶');
/*!40000 ALTER TABLE `login_and_slogin_usertable` ENABLE KEYS */;
UNLOCK TABLES;

--
-- Table structure for table `login_and_slogin_usertable_groups`
--

DROP TABLE IF EXISTS `login_and_slogin_usertable_groups`;
/*!40101 SET @saved_cs_client     = @@character_set_client */;
/*!50503 SET character_set_client = utf8mb4 */;
CREATE TABLE `login_and_slogin_usertable_groups` (
  `id` bigint NOT NULL AUTO_INCREMENT,
  `usertable_id` bigint NOT NULL,
  `group_id` int NOT NULL,
  PRIMARY KEY (`id`),
  UNIQUE KEY `Login_And_SLogin_usertab_usertable_id_group_id_62a50981_uniq` (`usertable_id`,`group_id`),
  KEY `Login_And_SLogin_use_group_id_31fdb43c_fk_auth_grou` (`group_id`),
  CONSTRAINT `Login_And_SLogin_use_group_id_31fdb43c_fk_auth_grou` FOREIGN KEY (`group_id`) REFERENCES `auth_group` (`id`),
  CONSTRAINT `Login_And_SLogin_use_usertable_id_0859f7fe_fk_Login_And` FOREIGN KEY (`usertable_id`) REFERENCES `login_and_slogin_usertable` (`id`)
) ENGINE=InnoDB DEFAULT CHARSET=utf8mb4 COLLATE=utf8mb4_0900_ai_ci;
/*!40101 SET character_set_client = @saved_cs_client */;

--
-- Dumping data for table `login_and_slogin_usertable_groups`
--

LOCK TABLES `login_and_slogin_usertable_groups` WRITE;
/*!40000 ALTER TABLE `login_and_slogin_usertable_groups` DISABLE KEYS */;
/*!40000 ALTER TABLE `login_and_slogin_usertable_groups` ENABLE KEYS */;
UNLOCK TABLES;

--
-- Table structure for table `login_and_slogin_usertable_user_permissions`
--

DROP TABLE IF EXISTS `login_and_slogin_usertable_user_permissions`;
/*!40101 SET @saved_cs_client     = @@character_set_client */;
/*!50503 SET character_set_client = utf8mb4 */;
CREATE TABLE `login_and_slogin_usertable_user_permissions` (
  `id` bigint NOT NULL AUTO_INCREMENT,
  `usertable_id` bigint NOT NULL,
  `permission_id` int NOT NULL,
  PRIMARY KEY (`id`),
  UNIQUE KEY `Login_And_SLogin_usertab_usertable_id_permission__6a00adc3_uniq` (`usertable_id`,`permission_id`),
  KEY `Login_And_SLogin_use_permission_id_ad4f10d7_fk_auth_perm` (`permission_id`),
  CONSTRAINT `Login_And_SLogin_use_permission_id_ad4f10d7_fk_auth_perm` FOREIGN KEY (`permission_id`) REFERENCES `auth_permission` (`id`),
  CONSTRAINT `Login_And_SLogin_use_usertable_id_55f9d4dd_fk_Login_And` FOREIGN KEY (`usertable_id`) REFERENCES `login_and_slogin_usertable` (`id`)
) ENGINE=InnoDB DEFAULT CHARSET=utf8mb4 COLLATE=utf8mb4_0900_ai_ci;
/*!40101 SET character_set_client = @saved_cs_client */;

--
-- Dumping data for table `login_and_slogin_usertable_user_permissions`
--

LOCK TABLES `login_and_slogin_usertable_user_permissions` WRITE;
/*!40000 ALTER TABLE `login_and_slogin_usertable_user_permissions` DISABLE KEYS */;
/*!40000 ALTER TABLE `login_and_slogin_usertable_user_permissions` ENABLE KEYS */;
UNLOCK TABLES;

--
-- Table structure for table `strategy_tb`
--

DROP TABLE IF EXISTS `strategy_tb`;
/*!40101 SET @saved_cs_client     = @@character_set_client */;
/*!50503 SET character_set_client = utf8mb4 */;
CREATE TABLE `strategy_tb` (
  `id` bigint NOT NULL AUTO_INCREMENT,
  `pname` varchar(50) NOT NULL,
  `location` varchar(100) NOT NULL,
  `level` varchar(2) NOT NULL,
  `content` longtext NOT NULL,
  `img_url` varchar(100) NOT NULL,
  PRIMARY KEY (`id`)
) ENGINE=InnoDB AUTO_INCREMENT=18 DEFAULT CHARSET=utf8mb4 COLLATE=utf8mb4_0900_ai_ci;
/*!40101 SET character_set_client = @saved_cs_client */;

--
-- Dumping data for table `strategy_tb`
--

LOCK TABLES `strategy_tb` WRITE;
/*!40000 ALTER TABLE `strategy_tb` DISABLE KEYS */;
INSERT INTO `strategy_tb` VALUES (1,'九寨沟风景名胜区','阿坝州九寨沟县漳扎镇','5A','九寨沟购票指南\r\n营业时间:7:30-17:00，\r\n旺季门票(4月1日至11月15日):门票190元/人、观光车票90元/人\r\n淡季门票(11月16日至次年3月31日)门票80元/人、观光车票80元/人\r\n注意:\r\n1.九寨沟严格执行实名制购票，现场不设置购票窗口，所以记得提前1天预约购票!\r\n2.购票渠道:vx公众号“阿坝旅游网”或携程上购买，目前每天开放41000张票\r\n\r\n九寨沟游玩线路：\r\nDay1:九寨沟县城—九寨沟神仙池景区(台映彩、青龙海、仙女池、莲花台、金银滩、瑶池等)―漳扎镇\r\n2Day2:沟口乘车―长海—五彩池―诺日朗中心站―诺日朗瀑布―犀牛海—树正瀑布—树正群海—双龙海―芦苇海—盆景滩—出沟\r\nDay3:游客中心—原始森林—芳草海—天鹅湖—箭竹海—熊猫海—珍珠滩—五花海--满日朗中心站—诺日朗瀑布—犀牛海—树正瀑布―树正群海—双龙海—芦苇海—盈景滩\r\n\r\n交通方式：九寨沟距离成都市约330公里，可以选择乘坐飞机、火车或长途汽车前往。从成都到九寨沟有直达的航班和火车，也可以选择包车或乘坐公共汽车。\r\n\r\n大预防措施\r\n1.药物辅助：前往九寨沟前3-5天左右，可以服用角鲨烯、红景天等，能帮助我们增强身体的抗缺氧能力，具体效果因人而异。\r\n2.生理准备：建议上高原之前三个月开始做适量的运动，不要过分剧烈，以增强身体的适应性。\r\n3.心理准备：克服恐惧心理、保持良好心态。高原反应不是传说中的那么可怕。出发前可以去医院做体检，全面了解自己的身体状况，增强自信心。\r\n4.充足饮水：在高海拔活动中，足够的饮水能让你维持机体平衡，血液循环通畅，供氧能力增强，心肺负担减轻。\r\n5.合理膳食：在饮食安排上，多吃易消化的食物，少吃油腻食物，也不宜吃得过饱，要增大碳水化合物和高植物蛋白的比例！\r\n6.防寒保暖：高原天气特点是：气温低，一般海拔每上升1000米，气温下降5-6℃；早晚，昼夜温差大，天气变化快，因此，在高原一定要注意防寒保暖，谨防感冒。\r\n7.合理行程：第一次去九寨沟，不建议直接飞九黄机场，可以跟团或自驾，先从海拔较低的地区慢慢前往九寨沟。另外先玩九寨沟，再去玩黄龙。最后，景区游玩不建议急速行走，更不能跑步，不能做体力劳动。\r\n8.合理休息：尽量选择条件好一点的酒店入住，使自己有一个舒适的居住环境，晚上要早休息，保证足够的睡眠时间。','1.2.png,1.1.png'),(2,'黄龙国家级风景名胜区','阿坝州松潘县瑟尔磋寨','5A','黄龙景区开园时间\r\n每日开园时间为早上8:30;淡季每日开园时间为早上9:00;\r\n索道售票截止时间 16:00;\r\n(注：景区索道和景区观光车已于2月15日正式开放)\r\n牟尼沟扎嘎瀑布景区开放时间：8:30-17:00;牟尼沟二道海景区封闭式保育暂不开放;\r\n红军长征纪念碑碑园开放时间：9:00-17:30(注意：17:00以后停止预约，停止游客入园)。\r\n\r\n黄龙主景区路线推荐\r\n线路推荐一\r\n徒步上山→欣赏沿途风景→至五彩池→徒步下山\r\n沿途打卡景点\r\n迎宾池→飞瀑流辉→莲台飞瀑→洗身洞→金沙铺地→盆景池→明镜倒映池→娑萝映彩池→争艳彩池→五彩池\r\n线路推荐二\r\n徒步上山→欣赏沿途景点→至五彩池→乘坐观光电瓶车(或者徒步)→乘坐索道下山\r\n沿途打卡景点\r\n迎宾池→飞瀑流辉→莲台飞瀑→洗身洞→金沙铺地→盆景池→明镜倒映池→娑萝映彩池→争艳彩池→五彩池\r\n线路推荐三\r\n乘坐索道上山→徒步至五彩池(途径望龙坪)→欣赏沿途景点→徒步下山\r\n索道上行，徒步下行是小编比较推荐的形式，下行耗费体力较少，更能细腻的赏黄龙景色~下索道后，可以选择沿栈道徒步的形式到达五彩池景点，沿途还可以欣赏近在迟尺的雪山风光。\r\n沿途打卡景点\r\n望龙坪→五彩池→争艳彩池→娑萝映彩池→明镜倒映池→盆景池→金沙铺地→洗身洞→莲台飞瀑→飞瀑流辉→迎宾池\r\n线路推荐四\r\n乘坐索道上山→乘坐观光电瓶车至五彩池→欣赏沿途景点→徒步下山\r\n下缆车后还可以选择乘坐景区观光电瓶车欣赏景点哟~\r\n沿途打卡景点\r\n五彩池→争艳彩池→娑萝映彩池→明镜倒映池→盆景池→金沙铺地→洗身洞→莲台飞瀑→飞瀑流辉→迎宾池\r\n线路推荐五\r\n乘坐索道上山→乘坐观光电瓶车至五彩池→乘坐观光电瓶车→乘坐索道下山\r\n沿途打卡景点\r\n沿途雪山风景→五彩池\r\n\r\n注意事项\r\n为了保障广大游客朋友开心舒适健康安全的游览黄龙景区，温馨提示如下：\r\n1.黄龙景区属于高原气候，昼夜温差较大，紫外线强，请广大游客注意保暖防晒，备好防寒衣物及防晒、防雨用品等。\r\n2.景区游览建议不要剧烈运动，如出现身体不适，请前往就近氧吧休息吸氧，并及时寻求工作人员和拨打电话寻求帮助，或尽快前往就近医院就诊。\r\n3.黄龙景区冬春气候恶劣，易发疾病，建议存在有基础性疾病以及潜在风险疾病：如肺心病、糖尿病(血糖控制不佳)、高血压3级(血压控制不佳)、冠心病、心力衰竭(心功能II-IV)、脑梗塞等的游客谨慎前往。\r\n4.注意公共卫生，禁止随地吐痰、吸烟和乱扔垃圾，废弃口罩丢入专用垃圾箱。\r\n5.护林防火人人有责，景区内严禁携带易燃易爆等危险品进入，并积极配合景区做好火源回收。\r\n6.进入景区请文明旅游，钙华易脆，请勿踩踏，不得离开景区的游览栈道，不得随处涂鸦，不得折枝攀树，不得携带宠物进入景区。\r\n7.请自觉保护景区的动植物，不得随意攀摘、挑逗、捕猎等。\r\n8.游客全程服从景区工作人员的管理。','2.1.png,2.2.png'),(3,'巴中市光雾山景区','巴中市南江县光雾山镇','5A','交通指南\r\n成都方向\r\n客运车:成都(建议北门汽车站乘车)—南江(建议广运汽车站乘车)—光雾山、米仓山旅游景区。\r\n高铁:成都东—汉中(建议汉中客运枢纽站/汉中汽车运输总公司汽车站乘车)一光雾山、米仓山旅游景区。自驾游:成都(成巴高速)一巴中(巴陕高速)—桥亭(出高速口)—光雾山、米仓山旅游景区。\r\n自驾游:成都(成巴高速)—巴中(巴陕高速)—南江北(出高速口)—杨坝—新民—十八月潭景区。重庆方向\r\n客运车:重庆(建议菜园坝汽车站乘车)一南江(建议广运汽车站乘车)—光雾山旅游景区、米仓山旅游景区。\r\n高铁:重庆西/北站—汉中(建议汉中客运枢纽站/汉中汽车运输总公司汽车站乘车)—光雾山旅游景区、米仓山旅游景区。\r\n自驾游:重庆(巴广渝高速)—巴中(巴陕高速)—桥亭(出高速口)—光雾山旅游景区、米仓山旅游景区。\r\n自驾游:重庆(巴广渝高速)—巴中(巴陕高速)—南江北(出高速口)—杨坝—新民—十八月潭景区。\r\n西安方向\r\n客运车:西安(建议西安城西/城南客运站乘车)—汉中(建议汉中客运枢纽站/汉中汽车运输总公司汽车站乘车)光雾山、米仓山旅游景区。\r\n高铁:西安北站—汉中(建议汉中客运枢纽站/汉中汽车运输总公司汽车站乘车)—光雾山、米仓山旅游景区。\r\n\r\n旅游指南：\r\n光雾山旅游景区线路推荐:\r\n亲水游线:龙驾烟云一彭家坝—两河口—太极天坑一感灵寺—碑沟口—米仓古道—截贤驿─樱桃河谷登山游线:彭家坝—三道关—南天门—七女峰—万纺朝圣—云天飞燕—红山崖\r\n推荐理由:仁者爱山、智者乐水。在光雾山旅游景区，徜徉在河谷之中，可以亲近清澈透明的山泉河水，可以看到无数小鱼游动其中，河道两边，喀斯特峰丛地貌景观像连环画一样，一出接一出地上演。洗一把手，再向仙行，一步一个脚印奋力攀登，林间雀鸟欢鸣，空气清新，一个小时就可以到达南天门。到了南天门自然到了仙境，绕着燕子岭游线走上一圈，远观喀斯特峰丛、石林，像极了一个个无与伦比的艺术品，运气好还可以欣赏到云海、云瀑等景观，绝对让你身心愉悦、流连忘返。\r\n\r\n米仓山旅游景区线路推荐:\r\n景区入口一贾郭山—天然画廊—牟阳故城—大坝坝区-森林康养步游道—黑熊沟一金色长廊—香炉山索道—香炉山。\r\n推荐理由:大坝森林康养步游道以“自然、生态、康养、品质”为设计理念，依托其丰富多彩的森林景观、沁人心脾的空气环境、内涵浓郁的生态文化而建成的一条3公里标准化康养步游道，有9种不同功能性路面。行走其中，可以真正达到养身、养心、养性、养智、养德的神奇功效。\r\n\r\n十八月潭景区线路推荐:\r\n森林康养营地—中坝停车场—金龟潭—孔雀潭—吉运潭—云梯潭—珍珠潭─情侣潭—五彩池一赵公潭—玉叶潭—婚纱瀑布—玉兔潭—仙女潭。\r\n推荐理由:森林康养营内森林康养木屋、森林康养房车、帐篷营位应有尽有，为热爱旅行、回归大自然的都市人群提供一个健康的“慢生活”。悠然纵情山水，徜徉森林氧吧，漫步山野花海，聆听淙淙山泉，在营地中享受自然，在自然中体验营地。','3.1.png,3.2.png'),(4,'剑门蜀道剑门关旅游景区','广元市剑阁县下寺镇','5A','交通：\r\n飞机：乘坐飞机抵达广元市，可以选择成都双流国际机场或重庆江北国际机场，然后从机场乘坐公交车、出租车或包车前往剑阁县。\r\n长途客车：可选择乘坐长途客车抵达广元市，再转乘前往剑阁县的公交车或包车。\r\n景点推荐：\r\n剑门关：是剑门蜀道上最重要的关隘之一，登上关楼，可以俯瞰险峻的山峦和壮丽的风景。\r\n剑南春酒厂：剑南春是中国著名的白酒品牌，景区内有剑南春酒厂，可以参观酿酒过程，了解剑南春的历史和文化，并品尝正宗的剑南春酒。\r\n剑阁古城：保留着悠久的历史文化，有着众多古迹和古建筑，漫步在古城中，仿佛穿越回古代。\r\n\r\n旅游注意事项：\r\n天气：剑门关景区海拔较高，气温变化大，请根据季节选择合适的服装，注意防寒防晒。\r\n安全：游览景区时，注意安全，遵守景区规定，不随意离开指定区域，尤其是登高的地方要注意安全防范。\r\n环保：景区位于自然保护区内，保持景区的干净整洁，不乱扔垃圾，保护环境。\r\n尊重文化：在景区内尊重当地的历史文化，不随意触摸古迹和古建筑，保护历史遗迹。\r\n旅游保险：建议购买旅游保险，确保旅途安全和顺利。\r\n舒适装备：带上舒适的鞋子和行走用具，方便在景区内行走和游览。\r\n美食品尝：品尝当地的剑门豆腐、剑门豆花、剑阁豆皮等特色美食，也是对当地文化的一种体验。\r\n购物：景区周边有着丰富的土特产和纪念品可供购买，带上一些当地的特色纪念品，也是旅行的一种回忆。','4.1.png,4.2.png'),(5,'北川羌城旅游区','绵阳市北川县永昌镇青片路','5A','北川羌城旅游区位于中国四川省绵阳市北川羌族自治县境内，是一处融合自然风光与民族文化的旅游胜地。这里有壮丽的自然景观，独特的羌族风情，以及丰富的历史文化遗址，是一处值得游览的旅游胜地。\r\n\r\n交通：\r\n飞机：您可以乘坐飞机抵达绵阳南郊机场，然后从机场乘坐公交车、出租车或包车前往北川羌族自治县。\r\n火车：您也可以选择乘坐火车抵达绵阳火车站，再转乘前往北川羌族自治县的公交车或包车。\r\n自驾：如果您喜欢自驾游，可以自驾前往北川羌族自治县，全程大约需要4-5小时。\r\n最佳旅游时间：\r\n北川羌城旅游区四季分明，春秋季节气候宜人，是最佳旅游时间。3月至5月和9月至11月期间，天气适宜，景色优美，适合游览。夏季气温较高，如果在夏季前往，注意防晒和保湿。冬季寒冷，适宜穿厚衣物。\r\n\r\n主要景点：\r\n\r\n羌城古城：是北川羌族自治县的历史文化遗址，有着悠久的历史和独特的建筑风格。在这里可以领略到羌族的传统文化和风俗习惯。\r\n卧佛寺：是一座历史悠久的佛寺，寺内有巨型卧佛雕塑，是一处朝圣和参观的重要景点。\r\n大金佛寺：是一座具有历史价值和文化内涵的佛寺，寺内供奉着金身佛像，是虔诚信仰的地方。\r\n旅游提示：\r\n穿着：北川羌城旅游区地势较高，气温变化较大，请根据季节选择合适的服装，注意防寒防晒。\r\n安全：游览景区时，注意安全，遵守景区规定，不随意离开指定区域，尤其是登高的地方要注意安全防范。\r\n环保：景区内自然环境优美，请保持景区的干净整洁，不乱扔垃圾，保护环境。\r\n特色美食：\r\n北川羌族自治县有着独特的羌族风味美食，推荐品尝当地的羌族酥肉、羌味火锅、羌香鱼片等美食，体验当地风味文化。\r\n\r\n购物：\r\n北川羌族自治县有着丰富的手工艺品和土特产可供购买，例如羌绣、羌酒、羌药等，带上一些当地特色纪念品，也是旅行的一种回忆。','5.1.png,5.2.png'),(6,'阆中古城','南充市阆中市阆水中路33号','5A','阆中古城位于中国四川省南充市，是一处历史悠久、文化底蕴深厚的古城遗址。这里有着独特的古建筑、古街巷和文化遗产，被誉为“中国最美古城”。\r\n交通：\r\n飞机：您可以乘坐飞机抵达南充高坪机场，然后从机场乘坐公交车、出租车或包车前往阆中古城。\r\n火车：您也可以选择乘坐火车抵达南充火车站，再转乘前往阆中古城的公交车或包车。\r\n自驾：如果您喜欢自驾游，可以自驾前往阆中古城，全程大约需要2-3小时。\r\n最佳旅游时间：\r\n阆中古城四季宜人，春秋季节气候适宜，是最佳旅游时间。3月至5月和9月至11月期间，天气宜人，景色优美，适合游览。夏季气温较高，如果在夏季前往，注意防晒和保湿。冬季寒冷，适宜穿厚衣物。\r\n\r\n主要景点：\r\n\r\n阆中古城墙：是阆中古城的标志性建筑，是中国现存最完整、规模最大的明代城墙之一，可登城墙俯瞰古城全景。\r\n刘备故居：是蜀汉开国皇帝刘备的故居，是一处有着悠久历史的文化遗址，富有历史价值和文化内涵。\r\n阆中博物馆：是一座展示阆中古城历史文化的综合性博物馆，馆内陈列着大量的历史文物和文化遗产，是了解阆中历史的重要场所。\r\n紫薇宫：是一座仿古建筑，建于明代，是阆中古城的又一重要景点。\r\n旅游提示：\r\n穿着：阆中古城地势较高，气温变化较大，请根据季节选择合适的服装，注意防寒防晒。\r\n安全：游览景区时，注意安全，遵守景区规定，不随意离开指定区域，尤其是登高的地方要注意安全防范。\r\n环保：景区内自然环境优美，请保持景区的干净整洁，不乱扔垃圾，保护环境。\r\n特色美食：\r\n阆中古城有着独特的川菜美食，推荐品尝当地的古城鸡、酸汤鱼、剁椒鱼头等美食，体验当地风味文化。\r\n\r\n购物：\r\n阆中古城周边有着丰富的手工艺品和土特产可供购买，例如古城陶瓷、阆中花灯、古城竹编等，带上一些当地特色纪念品，也是旅行的一种回忆。','6.1.png,6.2.png'),(7,'朱德故里景区','南充市仪陇县马鞍镇朱德故里景区管理局','5A','朱德故里景区位于中国湖南省衡阳市衡山县，是中国伟大的革命家、军事家朱德元帅的故乡。这里是一处具有深厚历史和文化底蕴的旅游胜地，有着丰富的红色旅游资源和自然风光。\r\n\r\n交通：\r\n飞机：您可以乘坐飞机抵达衡阳南岳机场，然后从机场乘坐公交车、出租车或包车前往朱德故里景区。\r\n火车：您也可以选择乘坐火车抵达衡阳火车站，再转乘前往朱德故里景区的公交车或包车。\r\n自驾：如果您喜欢自驾游，可以自驾前往朱德故里景区，全程大约需要1-2小时。\r\n最佳旅游时间：\r\n朱德故里景区四季宜人，春秋季节气候适宜，是最佳旅游时间。3月至5月和9月至11月期间，天气宜人，景色优美，适合游览。夏季气温较高，如果在夏季前往，注意防晒和保湿。冬季寒冷，适宜穿厚衣物。\r\n\r\n主要景点：\r\n朱德故居：是朱德元帅的故居，是一处有着悠久历史的文化遗址，富有历史价值和文化内涵。在这里可以了解朱德元帅的生平事迹和伟大贡献。\r\n朱德故里纪念馆：是一座展示朱德元帅事迹和革命历史的纪念馆，馆内陈列着大量的历史文物和照片，是了解朱德元帅的重要场所。\r\n南岳朱德墓：是朱德元帅的墓地，是一处具有纪念意义的重要景点。\r\n旅游提示：\r\n穿着：朱德故里景区地势较高，气温变化较大，请根据季节选择合适的服装，注意防寒防晒。\r\n安全：游览景区时，注意安全，遵守景区规定，不随意离开指定区域，尤其是登高的地方要注意安全防范。\r\n环保：景区内自然环境优美，请保持景区的干净整洁，不乱扔垃圾，保护环境。\r\n特色美食：\r\n朱德故里有着湖南独特的美食文化，推荐品尝当地的辣椒炒肉、剁椒鱼头、腊肉炒豆芽等美食，体验当地风味文化。\r\n\r\n购物：\r\n朱德故里周边有着丰富的手工艺品和土特产可供购买，例如红色文化纪念品、土特产食品等，带上一些当地特色纪念品，也是旅行的一种回忆。','7.1.png,7.2.png'),(8,'汶川特别旅游区','阿坝州汶川县国家级风景区管理局','5A','汶川特别旅游区位于中国四川省阿坝藏族羌族自治州，是一处融合了自然风光、历史文化和红色旅游资源的旅游胜地。这里曾经发生过2008年的汶川地震，同时也是中国革命先烈毛泽东、邓小平等领导人的红色故里。\r\n\r\n交通：\r\n飞机：您可以乘坐飞机抵达成都双流国际机场，然后从机场乘坐长途客车或包车前往汶川特别旅游区。全程大约需要6-8小时。\r\n火车：您也可以选择乘坐火车抵达成都火车站，再转乘前往汶川特别旅游区的长途客车或包车。\r\n自驾：如果您喜欢自驾游，可以自驾前往汶川特别旅游区，全程大约需要8-10小时。\r\n最佳旅游时间：\r\n汶川特别旅游区四季分明，春秋季节气候宜人，是最佳旅游时间。4月至6月和9月至11月期间，天气适宜，景色优美，适合游览。夏季气温较高，如果在夏季前往，注意防晒和保湿。冬季较寒冷，适宜穿厚衣物。\r\n\r\n主要景点：\r\n映秀镇：是汶川特别旅游区的核心区域，有着美丽的自然风光和宜人的气候。这里有着恬静的村落和壮丽的山水，是一个不可错过的景点。\r\n茶坝：位于汶川特别旅游区东南部，是一处高山草甸和湖泊组成的自然景观，是摄影爱好者的天堂。\r\n汶川地震遗址：参观汶川特别旅游区的时候，也不要忘记了解当年的汶川地震遗址，缅怀先烈，感受地震后人民的坚韧与勇敢。\r\n旅游提示：\r\n穿着：汶川特别旅游区海拔较高，气温变化较大，请根据季节选择合适的服装，注意防寒防晒。\r\n安全：景区内有高山和陡峭的地形，游览景点时请注意安全，遵守景区规定，不随意离开指定区域。\r\n环保：景区内自然环境优美，请保持景区的干净整洁，不乱扔垃圾，保护环境。\r\n特色美食：\r\n汶川特别旅游区有着独特的川菜美食，推荐品尝当地的毛氏红烧肉、毛氏豆腐等美食，体验当地风味文化。\r\n\r\n购物：\r\n汶川特别旅游区周边有着丰富的手工艺品和土特产可供购买，例如藏族手工艺品、特色纪念品等，带上一些当地特色纪念品，也是旅行的一种回忆。','8.1.png,8.2.png'),(9,'都江堰旅游景区','成都都江堰市城西','5A','都江堰位于中国四川省成都市西北部，是一处有着悠久历史和壮丽自然风光的旅游胜地。这里以世界著名的都江堰水利工程而闻名，同时还有着丰富的文化遗产和美丽的自然景观。\r\n\r\n交通：\r\n飞机：您可以乘坐飞机抵达成都双流国际机场，然后从机场乘坐长途客车、出租车或包车前往都江堰旅游景区。全程大约需要1-2小时。\r\n火车：您也可以选择乘坐火车抵达成都火车站，再转乘前往都江堰的长途客车或包车。\r\n自驾：如果您喜欢自驾游，可以自驾前往都江堰旅游景区，全程大约需要1-2小时。\r\n最佳旅游时间：\r\n都江堰旅游景区四季宜人，春秋季节气候适宜，是最佳旅游时间。4月至6月和9月至11月期间，天气适宜，景色优美，适合游览。夏季气温较高，如果在夏季前往，注意防晒和保湿。冬季较寒冷，适宜穿厚衣物。\r\n\r\n主要景点：\r\n都江堰水利工程：是世界著名的古代水利工程，被誉为“天府之国的灌溉利器”。在这里可以了解到古代智慧的卓越成就，欣赏到水利工程的壮丽景观。\r\n青城山：位于都江堰旅游景区东北部，是道教名山之一，有着宏伟的山景和古老的道教文化。\r\n都江堰古镇：是都江堰旅游景区的核心区域，保留着悠久的历史和文化，有着古色古香的建筑和街巷，逛古镇可以感受到传统的生活气息。\r\n青城后山：是都江堰旅游景区的自然保护区，有着丰富的生态资源和独特的自然景观。\r\n旅游提示：\r\n穿着：都江堰旅游景区地势较高，气温变化较大，请根据季节选择合适的服装，注意防寒防晒。\r\n安全：游览景区时，请注意安全，遵守景区规定，不随意离开指定区域，尤其是登高的地方要注意安全防范。\r\n环保：景区内自然环境优美，请保持景区的干净整洁，不乱扔垃圾，保护环境。\r\n特色美食：\r\n都江堰旅游景区有着独特的川菜美食，推荐品尝当地的鱼香肉丝、麻婆豆腐、水煮鱼等美食，体验当地风味文化。\r\n\r\n购物：\r\n都江堰旅游景区周边有着丰富的手工艺品和土特产可供购买，例如青城山文化纪念品、青城山茶叶等，带上一些当地特色纪念品，也是旅行的一种回忆。','9.1.png,9.2.png'),(10,'青城山景区','成都市都江堰市青城镇','5A','青城山景区位于中国四川省成都市西北部，是一处以道教文化为主题的旅游胜地，也是中国著名的名山之一。青城山以其壮丽的山水景观、古老的道教文化和丰富的历史遗迹而吸引着众多游客。\r\n交通：\r\n飞机：您可以乘坐飞机抵达成都双流国际机场，然后从机场乘坐公交车或出租车前往青城山景区。全程大约需要1.5-2小时。\r\n火车：您也可以选择乘坐火车抵达成都火车站，再转乘前往青城山景区的长途客车或出租车。\r\n自驾：如果您喜欢自驾游，可以自驾前往青城山景区，全程大约需要2-3小时。\r\n最佳旅游时间：\r\n青城山景区四季宜人，春秋季节气候适宜，是最佳旅游时间。4月至6月和9月至11月期间，天气适宜，景色优美，适合游览。夏季气温较高，如果在夏季前往，注意防晒和保湿。冬季较寒冷，适宜穿厚衣物。\r\n\r\n主要景点：\r\n青城山主峰：是青城山景区的核心区域，有着壮丽的山景和古老的道教建筑。您可以选择步行或乘坐缆车前往主峰，欣赏到青城山的美丽景色。\r\n涌泉寺：是青城山著名的道观之一，有着悠久的历史和宏伟的建筑。寺内还有着清澈见底的涌泉，据说能许愿。\r\n仙人洞：是一处奇特的岩洞，有着神秘的道教传说，洞内有着精美的石刻和壁画，是游客探秘的好去处。\r\n丹霞地貌：青城山景区有着丰富多样的丹霞地貌，是摄影爱好者的天堂。\r\n旅游提示：\r\n穿着：青城山景区地势较高，气温变化较大，请根据季节选择合适的服装，注意防寒防晒。\r\n安全：游览景区时，请注意安全，遵守景区规定，不随意离开指定区域，尤其是登高的地方要注意安全防范。\r\n青城山道教文化：在游览景区时，请尊重当地的道教文化，不要随意触摸或破坏文物和建筑。\r\n特色美食：\r\n青城山景区有着独特的川菜美食，推荐品尝当地的青城山土特产、农家菜、青城山茶等美食，体验当地风味文化。\r\n\r\n购物：\r\n青城山景区周边有着丰富的手工艺品和土特产可供购买，例如道教文化纪念品、特色茶叶等，带上一些当地特色纪念品，也是旅行的一种回忆。','10.1.png,10.2.png'),(11,'邓小平故里旅游区','广安市广安区协兴镇牌坊社区420号','5A','邓小平故里旅游区位于中国湖南省衡阳市衡山县，是中国伟大的政治家、军事家邓小平的故乡。这里有着深厚的历史底蕴和独特的红色旅游资源，吸引着众多游客前来寻访邓小平的足迹。\r\n\r\n交通：\r\n飞机：您可以乘坐飞机抵达长沙黄花国际机场，然后从机场乘坐长途客车或包车前往邓小平故里旅游区。全程大约需要2-3小时。\r\n火车：您也可以选择乘坐火车抵达衡阳火车站，再转乘前往邓小平故里旅游区的公交车或包车。\r\n自驾：如果您喜欢自驾游，可以自驾前往邓小平故里旅游区，全程大约需要2-3小时。\r\n最佳旅游时间：\r\n邓小平故里旅游区四季宜人，春秋季节气候适宜，是最佳旅游时间。3月至5月和9月至11月期间，天气适宜，景色优美，适合游览。夏季气温较高，如果在夏季前往，注意防晒和保湿。冬季较寒冷，适宜穿厚衣物。\r\n\r\n主要景点：\r\n邓小平故居：是邓小平的故居，是一处有着悠久历史的文化遗址，富有历史价值和文化内涵。在这里可以了解邓小平的生平事迹和伟大贡献。\r\n邓小平广场：是邓小平故里旅游区的核心区域，是一个纪念性的广场，有着邓小平雕像和纪念碑，是缅怀邓小平的好地方。\r\n衡山湖：位于邓小平故里旅游区西侧，是一个美丽的湖泊，湖边还有着各种娱乐设施，是休闲放松的好去处。\r\n旅游提示：\r\n穿着：邓小平故里旅游区地势较高，气温变化较大，请根据季节选择合适的服装，注意防寒防晒。\r\n安全：游览景区时，请注意安全，遵守景区规定，不随意离开指定区域。\r\n邓小平纪念品：在游览景区时，您可以购买一些邓小平相关的纪念品，以纪念这位伟大的政治家。\r\n特色美食：\r\n邓小平故里有着湖南独特的美食文化，推荐品尝当地的湘菜美食，例如辣椒炒肉、麻婆豆腐等，体验当地风味文化。\r\n\r\n购物：\r\n邓小平故里周边有着丰富的手工艺品和土特产可供购买，例如湘绣、湖南手工艺品等，带上一些当地特色纪念品，也是旅行的一种回忆。','11.1.png,11.2.png'),(12,'安仁古镇景区','成都市大邑县安仁镇金桂街15号','5A','安仁古镇位于中国湖南省常德市，是一处有着悠久历史和独特魅力的古镇。这里保存着许多明清时期的建筑和文化遗产，是一处可以感受古代风情的旅游胜地。\r\n\r\n交通：\r\n飞机：您可以乘坐飞机抵达长沙黄花国际机场，然后从机场乘坐高铁或长途客车前往常德市区，再转乘前往安仁古镇的公交车或包车。全程大约需要3-4小时。\r\n火车：您也可以选择乘坐火车抵达常德火车站，再转乘前往安仁古镇的公交车或包车。\r\n自驾：如果您喜欢自驾游，可以自驾前往安仁古镇，全程大约需要3-4小时。\r\n最佳旅游时间：\r\n安仁古镇景区四季宜人，春秋季节气候适宜，是最佳旅游时间。3月至5月和9月至11月期间，天气适宜，景色优美，适合游览。夏季气温较高，如果在夏季前往，注意防晒和保湿。冬季较寒冷，适宜穿厚衣物。\r\n\r\n主要景点：\r\n安仁古街：是安仁古镇的核心区域，保存着大量明清时期的建筑，其中包括传统的四合院、古老的街巷等，是游览古镇的主要区域。\r\n普贤寺：是一处古老的佛教寺庙，有着悠久的历史和精美的建筑，是游客感受宗教文化的好去处。\r\n张家花园：是一座典型的湘西民居建筑群，是国家重点文物保护单位，参观花园可以了解湘西的传统民居文化。\r\n旅游提示：\r\n穿着：安仁古镇地势较高，气温变化较大，请根据季节选择合适的服装，注意防寒防晒。\r\n安全：游览景区时，请注意安全，遵守景区规定，不随意离开指定区域，尤其是登高的地方要注意安全防范。\r\n特色美食：\r\n安仁古镇有着独特的湘菜美食，推荐品尝当地的农家菜、辣椒炒肉、口味虾等美食，体验当地风味文化。\r\n\r\n购物：\r\n安仁古镇周边有着丰富的手工艺品和土特产可供购买，例如蜜饯、手工艺品等，带上一些当地特色纪念品，也是旅行的一种回忆。','12.1.png,12.2.png'),(13,'雅安市雨城区碧峰峡镇','碧峰峡旅游景区','5A','碧峰峡位于中国四川省成都市北部，是一处以自然风光为主题的旅游胜地。这里有着清澈见底的溪水、壮丽的峡谷景色和独特的自然景观，吸引着众多游客前来探索。\r\n\r\n交通：\r\n飞机：您可以乘坐飞机抵达成都双流国际机场，然后从机场乘坐长途客车或包车前往碧峰峡旅游景区。全程大约需要1.5-2小时。\r\n火车：您也可以选择乘坐火车抵达成都火车站，再转乘前往碧峰峡的长途客车或包车。\r\n自驾：如果您喜欢自驾游，可以自驾前往碧峰峡旅游景区，全程大约需要1-2小时。\r\n最佳旅游时间：\r\n碧峰峡景区四季宜人，春秋季节气候适宜，是最佳旅游时间。3月至5月和9月至11月期间，天气适宜，景色优美，适合游览。夏季气温较高，如果在夏季前往，注意防晒和保湿。冬季较寒冷，适宜穿厚衣物。\r\n\r\n主要景点：\r\n碧峰峡峡谷：是碧峰峡旅游景区的核心景点，有着清澈见底的溪水和奇特的峡谷地貌，可以选择步行或乘坐游船游览峡谷，欣赏到壮丽的自然风光。\r\n碧峰峡瀑布：是碧峰峡的一大亮点，瀑布水势汹涌，水花四溅，是拍摄美丽瀑布的好地方。\r\n仙女洞：位于碧峰峡旅游景区的一处奇特洞穴，有着神秘的传说和精美的石刻，可以了解到当地的民间传说和文化。\r\n旅游提示：\r\n穿着：碧峰峡旅游景区地势较高，气温变化较大，请根据季节选择合适的服装，注意防寒防晒。\r\n安全：游览景区时，请注意安全，遵守景区规定，不随意离开指定区域，尤其是在峡谷和瀑布附近要注意安全防范。\r\n特色美食：\r\n碧峰峡旅游景区周边有着独特的川菜美食，推荐品尝当地的脆皮鸭、辣子鸡、毛肚火锅等美食，体验当地风味文化。\r\n\r\n购物：\r\n碧峰峡旅游景区周边有着丰富的手工艺品和土特产可供购买，例如纪念品、茶叶等，带上一些当地特色纪念品，也是旅行的一种回忆。','13.1.png,13.2.png'),(14,'泸定海螺沟冰川森林公园','甘孜州泸定县磨西镇','5A','泸定海螺沟冰川森林公园位于中国四川省甘孜藏族自治州泸定县，是一处以冰川、森林和自然风光为主题的旅游胜地。这里有着壮丽的冰川风光、茂密的原始森林和独特的高山生态环境，吸引着众多游客前来探索。\r\n\r\n交通：\r\n飞机：您可以乘坐飞机抵达成都双流国际机场，然后从机场乘坐长途客车或包车前往泸定县，再转乘前往海螺沟冰川森林公园的旅游大巴或包车。全程大约需要8-10小时。\r\n火车：您也可以选择乘坐火车抵达成都火车站，再转乘前往泸定县的长途客车或包车。\r\n自驾：如果您喜欢自驾游，可以自驾前往泸定海螺沟冰川森林公园，全程大约需要8-10小时。\r\n最佳旅游时间：\r\n泸定海螺沟冰川森林公园最佳旅游时间是夏秋季节。6月至10月期间，天气适宜，景色优美，是观赏冰川和森林的好时机。冬季气温极低，道路冰雪覆盖，不适合旅游。\r\n\r\n主要景点：\r\n海螺沟冰川：是泸定海螺沟冰川森林公园的核心景点，有着壮丽的冰川风光和清澈的冰川湖泊。您可以选择步行或乘坐观光车前往冰川区域，近距离观赏冰川壮美。\r\n九龙瀑布群：位于海螺沟冰川森林公园内，是一处瀑布群，有着雄伟的瀑布景观，可以沿着木栈道观赏不同角度的瀑布。\r\n原始森林：海螺沟冰川森林公园内有着茂密的原始森林，您可以选择在森林中漫步，感受大自然的美妙。\r\n旅游提示：\r\n穿着：泸定海螺沟冰川森林公园位于高海拔地区，气温较低，请穿着保暖，带上防寒衣物。\r\n体力准备：游览冰川区域需要较强的体力，建议事先做好体力准备。\r\n高原反应：由于海拔较高，可能会有高原反应的症状，如头晕、恶心等，请注意休息和适度进食。\r\n特色美食：\r\n泸定海螺沟冰川森林公园周边有着独特的藏族美食，推荐品尝当地的酥油茶、糌粑、藏式火锅等美食，体验当地风味文化。\r\n\r\n购物：\r\n泸定海螺沟冰川森林公园周边有着丰富的藏族手工艺品和土特产可供购买，例如藏式刺绣、藏香、羊毛制品等，带上一些当地特色纪念品，也是旅行的一种回忆。','14.1.png,14.2.png'),(15,'峨眉山风景名胜区','乐山市峨眉山市黄湾乡','5A','峨眉山位于中国四川省乐山市境内，是中国四大佛教名山之一，也是世界文化与自然双重遗产。峨眉山风景名胜区拥有壮美的山峰、古老的寺庙和独特的自然景观，吸引着众多游客前来朝圣和观光。\r\n\r\n交通：\r\n飞机：您可以乘坐飞机抵达成都双流国际机场，然后从机场乘坐大巴或出租车前往成都市内的新南门汽车站，再转乘前往峨眉山景区的旅游大巴。全程大约需要3-4小时。\r\n火车：您也可以选择乘坐火车抵达乐山火车站，再转乘前往峨眉山景区的旅游大巴或出租车。\r\n自驾：如果您喜欢自驾游，可以自驾前往峨眉山风景名胜区，全程大约需要2-3小时。\r\n最佳旅游时间：\r\n峨眉山风景名胜区最佳旅游时间是春秋季节。3月至5月和9月至11月期间，天气适宜，景色优美，适合登山和观光。夏季气温较高，如果在夏季前往，注意防晒和保湿。冬季较寒冷，但有时可观赏到峨眉山的冰雪美景。\r\n\r\n主要景点：\r\n金顶：是峨眉山的主峰，也是峨眉山主要的旅游景点之一。您可以选择徒步或乘坐缆车前往金顶，登上金顶可以俯瞰整个峨眉山风景区的美景。\r\n十方普贤菩萨像：位于金顶上，是世界最大的青铜佛像之一，高达48.8米，庄严壮观。\r\n伏虎寺：是峨眉山著名的寺庙之一，有着悠久的历史和宏伟的建筑，是朝圣和观光的重要地点。\r\n九曲栈道：是一条沿着峨眉山陡峭山壁修建的栈道，全长约5公里，沿途风景秀丽，是登山的经典线路。\r\n旅游提示：\r\n穿着：峨眉山风景名胜区地势较高，气温变化较大，请根据季节选择合适的服装，注意防寒防晒。\r\n登山准备：登山需要较强的体力，建议事先做好体力准备，准备好适合的登山装备。\r\n安全：游览景区时，请注意安全，遵守景区规定，不随意离开指定区域。\r\n特色美食：\r\n峨眉山风景名胜区周边有着独特的川菜美食，推荐品尝当地的峨眉豆腐、峨眉羊肉等美食，体验当地风味文化。\r\n\r\n购物：\r\n峨眉山风景名胜区周边有着丰富的手工艺品和土特产可供购买，例如峨眉山茶叶、佛珠手串等，带上一些当地特色纪念品，也是旅行的一种回忆。','15.1.png,15.2.png'),(16,'乐山大佛景区','乐山市峨眉山市黄湾乡','5A','乐山大佛，位于中国四川省乐山市，是世界上最大的石刻佛像之一，也是中国四大佛教名山之一。乐山大佛景区拥有壮观的佛像和独特的自然景观，吸引着众多游客前来朝圣和观光。\r\n\r\n交通：\r\n飞机：您可以乘坐飞机抵达成都双流国际机场，然后从机场乘坐大巴或出租车前往成都市内的新南门汽车站，再转乘前往乐山市的长途客车。全程大约需要2-3小时。\r\n火车：您也可以选择乘坐火车抵达乐山火车站，再转乘前往乐山大佛景区的旅游大巴或出租车。\r\n自驾：如果您喜欢自驾游，可以自驾前往乐山大佛景区，全程大约需要2小时。\r\n最佳旅游时间：\r\n乐山大佛景区最佳旅游时间是春秋季节。3月至5月和9月至11月期间，天气适宜，景色优美，适合登山和观光。夏季气温较高，如果在夏季前往，注意防晒和保湿。冬季较寒冷，不适合登山，但可以欣赏冬季的佛像景观。\r\n\r\n主要景点：\r\n乐山大佛：是乐山大佛景区的核心景点，有着巍峨壮观的佛像，高达71米，是世界文化与自然双重遗产，可以选择徒步或乘船欣赏佛像全景。\r\n乐山大佛九曲栈道：是一条沿着乐山大佛峭壁修建的栈道，全长约1.6公里，沿途风景秀丽，是登山的经典线路。\r\n乐山大佛景区博物馆：位于大佛脚下，展示了大佛的历史和文化背景，是了解大佛的重要场所。\r\n旅游提示：\r\n穿着：乐山大佛景区地势较高，气温变化较大，请根据季节选择合适的服装，注意防寒防晒。\r\n登山准备：登山需要一定的体力，建议事先做好体力准备，穿着舒适的运动鞋。\r\n安全：游览景区时，请注意安全，遵守景区规定，不随意攀爬或离开指定区域。\r\n特色美食：\r\n乐山大佛景区周边有着独特的川菜美食，推荐品尝当地的乐山牛肉粉、乐山豆腐脑等美食，体验当地风味文化。\r\n\r\n购物：\r\n乐山大佛景区周边有着丰富的手工艺品和土特产可供购买，例如乐山红糖、佛珠手串等，带上一些当地特色纪念品，也是旅行的一种回忆。','16.1.png,16.2.png'),(17,'甘孜州稻城亚丁景区','甘孜州稻城县香格里拉镇','5A','甘孜州稻城亚丁景区位于中国四川省西北部，是一处以原生态自然景观和藏族文化为主题的旅游胜地。这里有着壮美的高山草甸、神秘的雪山冰川和独特的藏族民俗，吸引着众多游客前来探索。\r\n交通：\r\n飞机：您可以乘坐飞机抵达成都双流国际机场，然后从机场乘坐飞机或乘坐长途客车前往甘孜州康定县，再转乘前往稻城县的旅游大巴。全程大约需要8-10小时。\r\n火车：您也可以选择乘坐火车抵达成都火车站，再转乘前往甘孜州康定县的长途客车或包车。\r\n自驾：如果您喜欢自驾游，可以自驾前往甘孜州稻城亚丁景区，全程大约需要10-12小时。\r\n最佳旅游时间：\r\n甘孜州稻城亚丁景区最佳旅游时间是夏秋季节。6月至10月期间，天气适宜，草原绿意盎然，是观赏高山草甸和雪山冰川的好时机。冬季气温极低，道路多冰雪，不适合旅游。\r\n\r\n主要景点：\r\n亚丁风景区：是甘孜州稻城亚丁景区的核心景点，有着壮丽的雪山冰川和高山湖泊，可以选择乘坐旅游车或徒步穿越草甸，欣赏到原生态的自然风光。\r\n稻城亚丁藏族风情村寨：景区内有着典型的藏族村寨，您可以感受当地的藏族文化和民俗风情，了解藏族的生活方式和传统习俗。\r\n塔若草原：位于稻城县，是一处绵延的高山草甸，草原上有着牛羊和彩色的风车，是拍摄美丽草原风光的好地方。\r\n旅游提示：\r\n穿着：甘孜州稻城亚丁景区地势较高，气温变化较大，请根据季节选择合适的服装，注意防寒防晒。\r\n高原反应：景区位于高海拔地区，可能会有高原反应的症状，如头晕、恶心等，请注意休息和适度进食。\r\n塔若草原禁火：为保护环境，塔若草原禁止生火，请勿随意扔掉烟蒂等火源。\r\n特色美食：\r\n甘孜州稻城亚丁景区周边有着独特的藏族美食，推荐品尝当地的酥油茶、青稞酒、糌粑等美食，体验当地风味文化。\r\n\r\n购物：\r\n甘孜州稻城亚丁景区周边有着丰富的手工艺品和土特产可供购买，例如藏式手工艺品、藏香、青稞等，带上一些当地特色纪念品，也是旅行的一种回忆。','17.1.png,17.2.png');
/*!40000 ALTER TABLE `strategy_tb` ENABLE KEYS */;
UNLOCK TABLES;
/*!40103 SET TIME_ZONE=@OLD_TIME_ZONE */;

/*!40101 SET SQL_MODE=@OLD_SQL_MODE */;
/*!40014 SET FOREIGN_KEY_CHECKS=@OLD_FOREIGN_KEY_CHECKS */;
/*!40014 SET UNIQUE_CHECKS=@OLD_UNIQUE_CHECKS */;
/*!40101 SET CHARACTER_SET_CLIENT=@OLD_CHARACTER_SET_CLIENT */;
/*!40101 SET CHARACTER_SET_RESULTS=@OLD_CHARACTER_SET_RESULTS */;
/*!40101 SET COLLATION_CONNECTION=@OLD_COLLATION_CONNECTION */;
/*!40111 SET SQL_NOTES=@OLD_SQL_NOTES */;

-- Dump completed on 2023-09-13  1:28:32
